{
    "links": [
        {
            "source": "60985638",
            "target": "243525525",
            "value": 3
        },
        {
            "source": "18483250",
            "target": "45904694",
            "value": 3
        },
        {
            "source": "12176714",
            "target": "11566842",
            "value": 3
        },
        {
            "source": "9471367",
            "target": "86322547",
            "value": 3
        },
        {
            "source": "287589454",
            "target": "17900227",
            "value": 3
        },
        {
            "source": "358105620",
            "target": "136604484",
            "value": 3
        },
        {
            "source": "222439866",
            "target": "263757531",
            "value": 3
        },
        {
            "source": "216091253",
            "target": "77091987",
            "value": 3
        },
        {
            "source": "11566842",
            "target": "77145706",
            "value": 3
        },
        {
            "source": "11566842",
            "target": "191640526",
            "value": 3
        },
        {
            "source": "11566842",
            "target": "243525525",
            "value": 3
        },
        {
            "source": "318169532",
            "target": "506975",
            "value": 3
        },
        {
            "source": "45904694",
            "target": "191640526",
            "value": 3
        },
        {
            "source": "3979122",
            "target": "11566842",
            "value": 3
        },
        {
            "source": "376090483",
            "target": "106447530",
            "value": 3
        },
        {
            "source": "16594805",
            "target": "8938837",
            "value": 3
        },
        {
            "source": "191640526",
            "target": "243525525",
            "value": 3
        },
        {
            "source": "75489266",
            "target": "77091987",
            "value": 3
        },
        {
            "source": "75489266",
            "target": "216091253",
            "value": 3
        }
    ],
    "nodes": [
        {
            "group": 1,
            "id": "7873540"
        },
        {
            "group": 1,
            "id": "-133618857"
        },
        {
            "group": 1,
            "id": "4913666"
        },
        {
            "group": 1,
            "id": "-77161458"
        },
        {
            "group": 1,
            "id": "373564435"
        },
        {
            "group": 1,
            "id": "70326958"
        },
        {
            "group": 1,
            "id": "-103869172"
        },
        {
            "group": 1,
            "id": "337386519"
        },
        {
            "group": 1,
            "id": "74131483"
        },
        {
            "group": 1,
            "id": "358458396"
        },
        {
            "group": 1,
            "id": "-111741921"
        },
        {
            "group": 1,
            "id": "-44466144"
        },
        {
            "group": 1,
            "id": "-115677"
        },
        {
            "group": 1,
            "id": "-139509724"
        },
        {
            "group": 1,
            "id": "-135753691"
        },
        {
            "group": 1,
            "id": "-289753"
        },
        {
            "group": 1,
            "id": "-133404632"
        },
        {
            "group": 1,
            "id": "-36043735"
        },
        {
            "group": 1,
            "id": "-135009478"
        },
        {
            "group": 1,
            "id": "348573746"
        },
        {
            "group": 1,
            "id": "-51326921"
        },
        {
            "group": 1,
            "id": "-78008264"
        },
        {
            "group": 1,
            "id": "-30468035"
        },
        {
            "group": 1,
            "id": "63093824"
        },
        {
            "group": 1,
            "id": "422977"
        },
        {
            "group": 1,
            "id": "-143136702"
        },
        {
            "group": 1,
            "id": "-51040185"
        },
        {
            "group": 1,
            "id": "-25250744"
        },
        {
            "group": 1,
            "id": "-76777398"
        },
        {
            "group": 1,
            "id": "-128226228"
        },
        {
            "group": 1,
            "id": "-121136050"
        },
        {
            "group": 1,
            "id": "5174285"
        },
        {
            "group": 1,
            "id": "-34887597"
        },
        {
            "group": 1,
            "id": "-37008294"
        },
        {
            "group": 1,
            "id": "-81233829"
        },
        {
            "group": 1,
            "id": "-22773667"
        },
        {
            "group": 1,
            "id": "-66184098"
        },
        {
            "group": 1,
            "id": "506975"
        },
        {
            "group": 1,
            "id": "34762848"
        },
        {
            "group": 1,
            "id": "-130957215"
        },
        {
            "group": 1,
            "id": "-32044357"
        },
        {
            "group": 1,
            "id": "-75798428"
        },
        {
            "group": 1,
            "id": "324051814"
        },
        {
            "group": 1,
            "id": "-26152858"
        },
        {
            "group": 1,
            "id": "381851751"
        },
        {
            "group": 1,
            "id": "58086504"
        },
        {
            "group": 1,
            "id": "318173289"
        },
        {
            "group": 1,
            "id": "-134569877"
        },
        {
            "group": 1,
            "id": "147915885"
        },
        {
            "group": 1,
            "id": "-24294289"
        },
        {
            "group": 1,
            "id": "25623664"
        },
        {
            "group": 1,
            "id": "-76623756"
        },
        {
            "group": 1,
            "id": "-31417223"
        },
        {
            "group": 1,
            "id": "-5980038"
        },
        {
            "group": 1,
            "id": "-63140420"
        },
        {
            "group": 1,
            "id": "-21798786"
        },
        {
            "group": 1,
            "id": "-128633727"
        },
        {
            "group": 1,
            "id": "-111668088"
        },
        {
            "group": 1,
            "id": "-87235444"
        },
        {
            "group": 1,
            "id": "-37909361"
        },
        {
            "group": 1,
            "id": "-34093935"
        },
        {
            "group": 1,
            "id": "-7965550"
        },
        {
            "group": 1,
            "id": "77091987"
        },
        {
            "group": 1,
            "id": "-27260779"
        },
        {
            "group": 1,
            "id": "-19102560"
        },
        {
            "group": 1,
            "id": "-86504285"
        },
        {
            "group": 1,
            "id": "-103397212"
        },
        {
            "group": 1,
            "id": "-114682714"
        },
        {
            "group": 1,
            "id": "354137261"
        },
        {
            "group": 1,
            "id": "-39683372"
        },
        {
            "group": 1,
            "id": "-40205281"
        },
        {
            "group": 1,
            "id": "-103446340"
        },
        {
            "group": 1,
            "id": "-85636931"
        },
        {
            "group": 1,
            "id": "-62852930"
        },
        {
            "group": 1,
            "id": "-133362827"
        },
        {
            "group": 1,
            "id": "-37547382"
        },
        {
            "group": 1,
            "id": "-54274870"
        },
        {
            "group": 1,
            "id": "269418980"
        },
        {
            "group": 1,
            "id": "-98205489"
        },
        {
            "group": 1,
            "id": "-63831854"
        },
        {
            "group": 1,
            "id": "-145531690"
        },
        {
            "group": 1,
            "id": "-71159593"
        },
        {
            "group": 1,
            "id": "286724313"
        },
        {
            "group": 1,
            "id": "-43441437"
        },
        {
            "group": 1,
            "id": "-24143651"
        },
        {
            "group": 1,
            "id": "-58151714"
        },
        {
            "group": 1,
            "id": "-151106523"
        },
        {
            "group": 1,
            "id": "-126594848"
        },
        {
            "group": 1,
            "id": "184607969"
        },
        {
            "group": 1,
            "id": "-91994910"
        },
        {
            "group": 1,
            "id": "-118031897"
        },
        {
            "group": 1,
            "id": "-85484307"
        },
        {
            "group": 1,
            "id": "-94853905"
        },
        {
            "group": 1,
            "id": "-131752719"
        },
        {
            "group": 1,
            "id": "-120873741"
        },
        {
            "group": 1,
            "id": "-138063624"
        },
        {
            "group": 1,
            "id": "160324857"
        },
        {
            "group": 1,
            "id": "-47688450"
        },
        {
            "group": 1,
            "id": "-21671583"
        },
        {
            "group": 1,
            "id": "-131009278"
        },
        {
            "group": 1,
            "id": "6465261"
        },
        {
            "group": 1,
            "id": "-49975036"
        },
        {
            "group": 1,
            "id": "-64802555"
        },
        {
            "group": 1,
            "id": "-65994178"
        },
        {
            "group": 1,
            "id": "-25783028"
        },
        {
            "group": 1,
            "id": "9797903"
        },
        {
            "group": 1,
            "id": "-59693802"
        },
        {
            "group": 1,
            "id": "-19768041"
        },
        {
            "group": 1,
            "id": "-78722791"
        },
        {
            "group": 1,
            "id": "229467420"
        },
        {
            "group": 1,
            "id": "-22945507"
        },
        {
            "group": 1,
            "id": "-50215650"
        },
        {
            "group": 1,
            "id": "-49095389"
        },
        {
            "group": 1,
            "id": "326597924"
        },
        {
            "group": 1,
            "id": "60985638"
        },
        {
            "group": 1,
            "id": "-140643961"
        },
        {
            "group": 1,
            "id": "-137265876"
        },
        {
            "group": 1,
            "id": "18483250"
        },
        {
            "group": 1,
            "id": "20365614"
        },
        {
            "group": 1,
            "id": "-16672464"
        },
        {
            "group": 1,
            "id": "345204022"
        },
        {
            "group": 1,
            "id": "-3785"
        },
        {
            "group": 1,
            "id": "-118249160"
        },
        {
            "group": 1,
            "id": "-99445447"
        },
        {
            "group": 1,
            "id": "123925821"
        },
        {
            "group": 1,
            "id": "-58645186"
        },
        {
            "group": 1,
            "id": "-127911616"
        },
        {
            "group": 1,
            "id": "-56231614"
        },
        {
            "group": 1,
            "id": "-39471804"
        },
        {
            "group": 1,
            "id": "121774"
        },
        {
            "group": 1,
            "id": "-26612408"
        },
        {
            "group": 1,
            "id": "-76482231"
        },
        {
            "group": 1,
            "id": "12176714"
        },
        {
            "group": 1,
            "id": "195376183"
        },
        {
            "group": 1,
            "id": "34033997"
        },
        {
            "group": 1,
            "id": "-89918129"
        },
        {
            "group": 1,
            "id": "-116064944"
        },
        {
            "group": 1,
            "id": "-83276744"
        },
        {
            "group": 1,
            "id": "-18884270"
        },
        {
            "group": 1,
            "id": "-118827693"
        },
        {
            "group": 1,
            "id": "8938837"
        },
        {
            "group": 1,
            "id": "6531419"
        },
        {
            "group": 1,
            "id": "402164062"
        },
        {
            "group": 1,
            "id": "-92487328"
        },
        {
            "group": 1,
            "id": "-29178527"
        },
        {
            "group": 1,
            "id": "-12854942"
        },
        {
            "group": 1,
            "id": "-119383702"
        },
        {
            "group": 1,
            "id": "-2601723"
        },
        {
            "group": 1,
            "id": "-31656592"
        },
        {
            "group": 1,
            "id": "86322547"
        },
        {
            "group": 1,
            "id": "-120430219"
        },
        {
            "group": 1,
            "id": "-38813428"
        },
        {
            "group": 1,
            "id": "-105776407"
        },
        {
            "group": 1,
            "id": "25388949"
        },
        {
            "group": 1,
            "id": "9471367"
        },
        {
            "group": 1,
            "id": "440557878"
        },
        {
            "group": 1,
            "id": "13410028"
        },
        {
            "group": 1,
            "id": "-132746174"
        },
        {
            "group": 1,
            "id": "-127425138"
        },
        {
            "group": 1,
            "id": "-121066771"
        },
        {
            "group": 1,
            "id": "-60073171"
        },
        {
            "group": 1,
            "id": "-34727532"
        },
        {
            "group": 1,
            "id": "-19840323"
        },
        {
            "group": 1,
            "id": "-132450921"
        },
        {
            "group": 1,
            "id": "-97687139"
        },
        {
            "group": 1,
            "id": "-34531936"
        },
        {
            "group": 1,
            "id": "-19827295"
        },
        {
            "group": 1,
            "id": "-51873373"
        },
        {
            "group": 1,
            "id": "-132509273"
        },
        {
            "group": 1,
            "id": "-39208526"
        },
        {
            "group": 1,
            "id": "-108115533"
        },
        {
            "group": 1,
            "id": "687543"
        },
        {
            "group": 1,
            "id": "-47210054"
        },
        {
            "group": 1,
            "id": "99370428"
        },
        {
            "group": 1,
            "id": "83683773"
        },
        {
            "group": 1,
            "id": "-23092802"
        },
        {
            "group": 1,
            "id": "-39990849"
        },
        {
            "group": 1,
            "id": "-114989631"
        },
        {
            "group": 1,
            "id": "-28998377"
        },
        {
            "group": 1,
            "id": "-22661691"
        },
        {
            "group": 1,
            "id": "-35285562"
        },
        {
            "group": 1,
            "id": "86543436"
        },
        {
            "group": 1,
            "id": "4149709"
        },
        {
            "group": 1,
            "id": "-88216110"
        },
        {
            "group": 1,
            "id": "-18584108"
        },
        {
            "group": 1,
            "id": "287589454"
        },
        {
            "group": 1,
            "id": "-122152489"
        },
        {
            "group": 1,
            "id": "-146363942"
        },
        {
            "group": 1,
            "id": "-78195237"
        },
        {
            "group": 1,
            "id": "12553694"
        },
        {
            "group": 1,
            "id": "-11982368"
        },
        {
            "group": 1,
            "id": "-85642781"
        },
        {
            "group": 1,
            "id": "43876836"
        },
        {
            "group": 1,
            "id": "-32590198"
        },
        {
            "group": 1,
            "id": "-62258607"
        },
        {
            "group": 1,
            "id": "-344600"
        },
        {
            "group": 1,
            "id": "-115795474"
        },
        {
            "group": 1,
            "id": "-155288079"
        },
        {
            "group": 1,
            "id": "56567285"
        },
        {
            "group": 1,
            "id": "1613302"
        },
        {
            "group": 1,
            "id": "-52339209"
        },
        {
            "group": 1,
            "id": "-81548965"
        },
        {
            "group": 1,
            "id": "-109541893"
        },
        {
            "group": 1,
            "id": "-131091972"
        },
        {
            "group": 1,
            "id": "2162175"
        },
        {
            "group": 1,
            "id": "14206464"
        },
        {
            "group": 1,
            "id": "-51370240"
        },
        {
            "group": 1,
            "id": "-131430910"
        },
        {
            "group": 1,
            "id": "12215811"
        },
        {
            "group": 1,
            "id": "-10202619"
        },
        {
            "group": 1,
            "id": "-87040505"
        },
        {
            "group": 1,
            "id": "-13727224"
        },
        {
            "group": 1,
            "id": "-124134902"
        },
        {
            "group": 1,
            "id": "-119167477"
        },
        {
            "group": 1,
            "id": "1833487"
        },
        {
            "group": 1,
            "id": "-40929775"
        },
        {
            "group": 1,
            "id": "3984914"
        },
        {
            "group": 1,
            "id": "-103899629"
        },
        {
            "group": 1,
            "id": "358105620"
        },
        {
            "group": 1,
            "id": "-133144043"
        },
        {
            "group": 1,
            "id": "-119670248"
        },
        {
            "group": 1,
            "id": "-36411879"
        },
        {
            "group": 1,
            "id": "-111945154"
        },
        {
            "group": 1,
            "id": "359894559"
        },
        {
            "group": 1,
            "id": "-58324446"
        },
        {
            "group": 1,
            "id": "-23091109"
        },
        {
            "group": 1,
            "id": "-19322331"
        },
        {
            "group": 1,
            "id": "-75596248"
        },
        {
            "group": 1,
            "id": "7031337"
        },
        {
            "group": 1,
            "id": "-5861845"
        },
        {
            "group": 1,
            "id": "-133286478"
        },
        {
            "group": 1,
            "id": "-12052944"
        },
        {
            "group": 1,
            "id": "-64170444"
        },
        {
            "group": 1,
            "id": "-57091531"
        },
        {
            "group": 1,
            "id": "354071096"
        },
        {
            "group": 1,
            "id": "-67106322"
        },
        {
            "group": 1,
            "id": "402146874"
        },
        {
            "group": 1,
            "id": "-77482913"
        },
        {
            "group": 1,
            "id": "-19427779"
        },
        {
            "group": 1,
            "id": "-135187906"
        },
        {
            "group": 1,
            "id": "-114334144"
        },
        {
            "group": 1,
            "id": "-131970495"
        },
        {
            "group": 1,
            "id": "-406973"
        },
        {
            "group": 1,
            "id": "-153867707"
        },
        {
            "group": 1,
            "id": "76897"
        },
        {
            "group": 1,
            "id": "-151219639"
        },
        {
            "group": 1,
            "id": "-66581942"
        },
        {
            "group": 1,
            "id": "-73006665"
        },
        {
            "group": 1,
            "id": "155472462"
        },
        {
            "group": 1,
            "id": "-51092911"
        },
        {
            "group": 1,
            "id": "-95986094"
        },
        {
            "group": 1,
            "id": "-134487468"
        },
        {
            "group": 1,
            "id": "-32552860"
        },
        {
            "group": 1,
            "id": "222439866"
        },
        {
            "group": 1,
            "id": "-42502560"
        },
        {
            "group": 1,
            "id": "-82380188"
        },
        {
            "group": 1,
            "id": "387500645"
        },
        {
            "group": 1,
            "id": "145329135"
        },
        {
            "group": 1,
            "id": "-190703"
        },
        {
            "group": 1,
            "id": "-112036248"
        },
        {
            "group": 1,
            "id": "-135611799"
        },
        {
            "group": 1,
            "id": "77145706"
        },
        {
            "group": 1,
            "id": "-129851796"
        },
        {
            "group": 1,
            "id": "-56821139"
        },
        {
            "group": 1,
            "id": "1327726"
        },
        {
            "group": 1,
            "id": "373446960"
        },
        {
            "group": 1,
            "id": "-48254352"
        },
        {
            "group": 1,
            "id": "-95253902"
        },
        {
            "group": 1,
            "id": "56414836"
        },
        {
            "group": 1,
            "id": "216091253"
        },
        {
            "group": 1,
            "id": "-71340426"
        },
        {
            "group": 1,
            "id": "-83170697"
        },
        {
            "group": 1,
            "id": "-1846661"
        },
        {
            "group": 1,
            "id": "-83797380"
        },
        {
            "group": 1,
            "id": "10749281"
        },
        {
            "group": 1,
            "id": "-86792578"
        },
        {
            "group": 1,
            "id": "-97296767"
        },
        {
            "group": 1,
            "id": "-90960252"
        },
        {
            "group": 1,
            "id": "-49689978"
        },
        {
            "group": 1,
            "id": "-61982073"
        },
        {
            "group": 1,
            "id": "59097738"
        },
        {
            "group": 1,
            "id": "-44945781"
        },
        {
            "group": 1,
            "id": "88516239"
        },
        {
            "group": 1,
            "id": "623251"
        },
        {
            "group": 1,
            "id": "-118475052"
        },
        {
            "group": 1,
            "id": "-131426535"
        },
        {
            "group": 1,
            "id": "-99035493"
        },
        {
            "group": 1,
            "id": "167287453"
        },
        {
            "group": 1,
            "id": "-137523523"
        },
        {
            "group": 1,
            "id": "-75524445"
        },
        {
            "group": 1,
            "id": "-16700132"
        },
        {
            "group": 1,
            "id": "106447530"
        },
        {
            "group": 1,
            "id": "-73777209"
        },
        {
            "group": 1,
            "id": "-42465620"
        },
        {
            "group": 1,
            "id": "-27324755"
        },
        {
            "group": 1,
            "id": "175240878"
        },
        {
            "group": 1,
            "id": "-62882008"
        },
        {
            "group": 1,
            "id": "325101541"
        },
        {
            "group": 1,
            "id": "-87148878"
        },
        {
            "group": 1,
            "id": "399453877"
        },
        {
            "group": 1,
            "id": "-62405962"
        },
        {
            "group": 1,
            "id": "-21882185"
        },
        {
            "group": 1,
            "id": "200195771"
        },
        {
            "group": 1,
            "id": "-116025667"
        },
        {
            "group": 1,
            "id": "-104808769"
        },
        {
            "group": 1,
            "id": "-51498303"
        },
        {
            "group": 1,
            "id": "17900227"
        },
        {
            "group": 1,
            "id": "-126540170"
        },
        {
            "group": 1,
            "id": "-57460025"
        },
        {
            "group": 1,
            "id": "-28026778"
        },
        {
            "group": 1,
            "id": "-147505463"
        },
        {
            "group": 1,
            "id": "-103007542"
        },
        {
            "group": 1,
            "id": "153109199"
        },
        {
            "group": 1,
            "id": "-95761711"
        },
        {
            "group": 1,
            "id": "-96665902"
        },
        {
            "group": 1,
            "id": "-31635757"
        },
        {
            "group": 1,
            "id": "199087828"
        },
        {
            "group": 1,
            "id": "-34668842"
        },
        {
            "group": 1,
            "id": "-33386792"
        },
        {
            "group": 1,
            "id": "-115346652"
        },
        {
            "group": 1,
            "id": "263757531"
        },
        {
            "group": 1,
            "id": "-19389728"
        },
        {
            "group": 1,
            "id": "-79894813"
        },
        {
            "group": 1,
            "id": "-96312602"
        },
        {
            "group": 1,
            "id": "-79894807"
        },
        {
            "group": 1,
            "id": "-99603732"
        },
        {
            "group": 1,
            "id": "-1684755"
        },
        {
            "group": 1,
            "id": "718576"
        },
        {
            "group": 1,
            "id": "-35103960"
        },
        {
            "group": 1,
            "id": "11566842"
        },
        {
            "group": 1,
            "id": "-60323076"
        },
        {
            "group": 1,
            "id": "-50210006"
        },
        {
            "group": 1,
            "id": "1580425"
        },
        {
            "group": 1,
            "id": "33830657"
        },
        {
            "group": 1,
            "id": "-103600381"
        },
        {
            "group": 1,
            "id": "-65185020"
        },
        {
            "group": 1,
            "id": "-133439871"
        },
        {
            "group": 1,
            "id": "264652554"
        },
        {
            "group": 1,
            "id": "146600955"
        },
        {
            "group": 1,
            "id": "-61164783"
        },
        {
            "group": 1,
            "id": "-120415468"
        },
        {
            "group": 1,
            "id": "-138942699"
        },
        {
            "group": 1,
            "id": "-43397353"
        },
        {
            "group": 1,
            "id": "-19355879"
        },
        {
            "group": 1,
            "id": "78051098"
        },
        {
            "group": 1,
            "id": "318169532"
        },
        {
            "group": 1,
            "id": "-95808737"
        },
        {
            "group": 1,
            "id": "-34840799"
        },
        {
            "group": 1,
            "id": "-22093861"
        },
        {
            "group": 1,
            "id": "-26438876"
        },
        {
            "group": 1,
            "id": "141073190"
        },
        {
            "group": 1,
            "id": "2835240"
        },
        {
            "group": 1,
            "id": "357733161"
        },
        {
            "group": 1,
            "id": "-10392274"
        },
        {
            "group": 1,
            "id": "46090029"
        },
        {
            "group": 1,
            "id": "-21928144"
        },
        {
            "group": 1,
            "id": "-34048205"
        },
        {
            "group": 1,
            "id": "45904694"
        },
        {
            "group": 1,
            "id": "386871"
        },
        {
            "group": 1,
            "id": "-67016904"
        },
        {
            "group": 1,
            "id": "-140739782"
        },
        {
            "group": 1,
            "id": "382185276"
        },
        {
            "group": 1,
            "id": "-30775670"
        },
        {
            "group": 1,
            "id": "5538624"
        },
        {
            "group": 1,
            "id": "-138043582"
        },
        {
            "group": 1,
            "id": "-133246141"
        },
        {
            "group": 1,
            "id": "136604484"
        },
        {
            "group": 1,
            "id": "-63772859"
        },
        {
            "group": 1,
            "id": "341457735"
        },
        {
            "group": 1,
            "id": "394490696"
        },
        {
            "group": 1,
            "id": "-122405047"
        },
        {
            "group": 1,
            "id": "407775147"
        },
        {
            "group": 1,
            "id": "-122342151"
        },
        {
            "group": 1,
            "id": "-45097129"
        },
        {
            "group": 1,
            "id": "-63629852"
        },
        {
            "group": 1,
            "id": "-97709937"
        },
        {
            "group": 1,
            "id": "-126472355"
        },
        {
            "group": 1,
            "id": "-134916258"
        },
        {
            "group": 1,
            "id": "1722207"
        },
        {
            "group": 1,
            "id": "-36115"
        },
        {
            "group": 1,
            "id": "-118545563"
        },
        {
            "group": 1,
            "id": "-121871514"
        },
        {
            "group": 1,
            "id": "2617343"
        },
        {
            "group": 1,
            "id": "-36626584"
        },
        {
            "group": 1,
            "id": "-143323287"
        },
        {
            "group": 1,
            "id": "-145364117"
        },
        {
            "group": 1,
            "id": "-20880531"
        },
        {
            "group": 1,
            "id": "-135009426"
        },
        {
            "group": 1,
            "id": "-61344912"
        },
        {
            "group": 1,
            "id": "3979122"
        },
        {
            "group": 1,
            "id": "376090483"
        },
        {
            "group": 1,
            "id": "16594805"
        },
        {
            "group": 1,
            "id": "-76816522"
        },
        {
            "group": 1,
            "id": "4627171"
        },
        {
            "group": 1,
            "id": "-777469"
        },
        {
            "group": 1,
            "id": "-64585068"
        },
        {
            "group": 1,
            "id": "-112240318"
        },
        {
            "group": 1,
            "id": "-145863872"
        },
        {
            "group": 1,
            "id": "-114503806"
        },
        {
            "group": 1,
            "id": "-82285691"
        },
        {
            "group": 1,
            "id": "-42700921"
        },
        {
            "group": 1,
            "id": "421413773"
        },
        {
            "group": 1,
            "id": "254891919"
        },
        {
            "group": 1,
            "id": "-36251760"
        },
        {
            "group": 1,
            "id": "243525525"
        },
        {
            "group": 1,
            "id": "-133253820"
        },
        {
            "group": 1,
            "id": "-48357478"
        },
        {
            "group": 1,
            "id": "-15260689"
        },
        {
            "group": 1,
            "id": "402033564"
        },
        {
            "group": 1,
            "id": "-49439841"
        },
        {
            "group": 1,
            "id": "-134115424"
        },
        {
            "group": 1,
            "id": "-25103455"
        },
        {
            "group": 1,
            "id": "234825634"
        },
        {
            "group": 1,
            "id": "-146309212"
        },
        {
            "group": 1,
            "id": "-72736271"
        },
        {
            "group": 1,
            "id": "-30322775"
        },
        {
            "group": 1,
            "id": "84487083"
        },
        {
            "group": 1,
            "id": "-90288050"
        },
        {
            "group": 1,
            "id": "401061874"
        },
        {
            "group": 1,
            "id": "-64816210"
        },
        {
            "group": 1,
            "id": "-58227790"
        },
        {
            "group": 1,
            "id": "8204211"
        },
        {
            "group": 1,
            "id": "-125917260"
        },
        {
            "group": 1,
            "id": "-66532426"
        },
        {
            "group": 1,
            "id": "299446052"
        },
        {
            "group": 1,
            "id": "-86737990"
        },
        {
            "group": 1,
            "id": "-18750533"
        },
        {
            "group": 1,
            "id": "-133198916"
        },
        {
            "group": 1,
            "id": "-150899776"
        },
        {
            "group": 1,
            "id": "5897159"
        },
        {
            "group": 1,
            "id": "-136341804"
        },
        {
            "group": 1,
            "id": "191640526"
        },
        {
            "group": 1,
            "id": "4309969"
        },
        {
            "group": 1,
            "id": "-109754412"
        },
        {
            "group": 1,
            "id": "-109407273"
        },
        {
            "group": 1,
            "id": "270848164"
        },
        {
            "group": 1,
            "id": "-108415013"
        },
        {
            "group": 1,
            "id": "241417181"
        },
        {
            "group": 1,
            "id": "-7876641"
        },
        {
            "group": 1,
            "id": "-121141622"
        },
        {
            "group": 1,
            "id": "-5028894"
        },
        {
            "group": 1,
            "id": "-72002565"
        },
        {
            "group": 1,
            "id": "-39515163"
        },
        {
            "group": 1,
            "id": "-68470447"
        },
        {
            "group": 1,
            "id": "-16873491"
        },
        {
            "group": 1,
            "id": "238077934"
        },
        {
            "group": 1,
            "id": "125116399"
        },
        {
            "group": 1,
            "id": "-15274000"
        },
        {
            "group": 1,
            "id": "75489266"
        },
        {
            "group": 1,
            "id": "-132038668"
        },
        {
            "group": 1,
            "id": "43656182"
        },
        {
            "group": 1,
            "id": "-42397705"
        },
        {
            "group": 1,
            "id": "-25440264"
        },
        {
            "group": 1,
            "id": "301211135"
        },
        {
            "group": 1,
            "id": "-59472898"
        },
        {
            "group": 1,
            "id": "-129295361"
        }
    ]
}
