[{"target": "Sacramento", "group": 0, "coords": [[6.35, 2.417], [38.55, -121.467]], "source": "Cotonou"}, {"target": "Jeddah", "group": 0, "coords": [[38.55, -121.467], [21.533, 39.167]], "source": "Sacramento"}, {"target": "Malm%C3%B6", "group": 0, "coords": [[21.533, 39.167], [55.583, 13.033]], "source": "Jeddah"}, {"target": "Lagos", "group": 0, "coords": [[55.583, 13.033], [6.45, 3.383]], "source": "Malm%C3%B6"}, {"target": "Tartu", "group": 1, "coords": [[-21.2, -159.767], [58.383, 26.717]], "source": "Avarua"}, {"target": "Tiraspol", "group": 1, "coords": [[58.383, 26.717], [46.85, 29.633]], "source": "Tartu"}, {"target": "Mandurah", "group": 1, "coords": [[46.85, 29.633], [-32.517, 115.717]], "source": "Tiraspol"}, {"target": "Medan", "group": 2, "coords": [[-28.167, 153.55], [3.583, 98.667]], "source": "Gold Coast"}, {"target": "Sydney", "group": 2, "coords": [[3.583, 98.667], [-33.85, 151.2]], "source": "Medan"}, {"target": "\u0410\u0441\u0431\u0435\u0441\u0442", "group": 2, "coords": [[-33.85, 151.2], [57.005274, 61.458114]], "source": "Sydney"}, {"target": "Kabul", "group": 3, "coords": [[53.583, 9.983], [34.533, 69.167]], "source": "Hamburg"}, {"target": "Cartagena", "group": 3, "coords": [[53.583, 9.983], [10.4, -75.5]], "source": "Hamburg"}, {"target": "Bloemfontein", "group": 3, "coords": [[10.4, -75.5], [-29.1, 26.217]], "source": "Cartagena"}, {"target": "Madrid", "group": 3, "coords": [[-29.1, 26.217], [40.4, -3.683]], "source": "Bloemfontein"}, {"target": "Hat Yai", "group": 4, "coords": [[39.283, -76.617], [7.017, 100.467]], "source": "Baltimore"}, {"target": "\u041c\u043e\u0441\u043a\u0432\u0430", "group": 4, "coords": [[7.017, 100.467], [55.75396, 37.620393]], "source": "Hat Yai"}, {"target": "Toronto", "group": 4, "coords": [[55.75396, 37.620393], [43.65, -79.383]], "source": "\u041c\u043e\u0441\u043a\u0432\u0430"}, {"target": "\u0411\u0435\u0440\u0435\u0437\u043d\u0438\u043a\u0438", "group": 5, "coords": [[36.167, -115.133], [59.407922, 56.804015]], "source": "Las Vegas"}, {"target": "\u041e\u043c\u0441\u043a", "group": 5, "coords": [[36.167, -115.133], [54.989342, 73.368212]], "source": "Las Vegas"}, {"target": "Damascus", "group": 5, "coords": [[59.407922, 56.804015], [33.5, 36.283]], "source": "\u0411\u0435\u0440\u0435\u0437\u043d\u0438\u043a\u0438"}, {"target": "Baghdad", "group": 5, "coords": [[33.5, 36.283], [33.317, 44.417]], "source": "Damascus"}, {"target": "Montevideo", "group": 6, "coords": [[-7.233, 112.733], [-34.917, -56.167]], "source": "Surabaya"}, {"target": "Belize City", "group": 6, "coords": [[-34.917, -56.167], [17.483, -88.183]], "source": "Montevideo"}, {"target": "Manila", "group": 6, "coords": [[17.483, -88.183], [14.583, 120.967]], "source": "Belize City"}, {"target": "Ibadan", "group": 7, "coords": [[0.333, 6.683], [7.367, 3.883]], "source": "S%C3%A3o Tom%C3%A9"}, {"target": "Cairo", "group": 7, "coords": [[0.333, 6.683], [30.05, 31.217]], "source": "S%C3%A3o Tom%C3%A9"}, {"target": "\u041d\u0435\u0432\u0438\u043d\u043d\u043e\u043c\u044b\u0441\u0441\u043a", "group": 7, "coords": [[30.05, 31.217], [44.638287, 41.936061]], "source": "Cairo"}, {"target": "Dodoma", "group": 7, "coords": [[44.638287, 41.936061], [-6.167, 35.733]], "source": "\u041d\u0435\u0432\u0438\u043d\u043d\u043e\u043c\u044b\u0441\u0441\u043a"}, {"target": "Anchorage", "group": 7, "coords": [[-6.167, 35.733], [61.217, -149.883]], "source": "Dodoma"}, {"target": "Macap%C3%A1", "group": 8, "coords": [[-22.467, -68.933], [0.033, -51.05]], "source": "Calama"}, {"target": "Casablanca", "group": 8, "coords": [[0.033, -51.05], [33.533, -7.583]], "source": "Macap%C3%A1"}, {"target": "Salt Lake City", "group": 8, "coords": [[33.533, -7.583], [40.75, -111.883]], "source": "Casablanca"}, {"target": "Ulan Bator", "group": 8, "coords": [[40.75, -111.883], [47.917, 106.917]], "source": "Salt Lake City"}, {"target": "Guadalajara", "group": 8, "coords": [[47.917, 106.917], [20.667, -103.35]], "source": "Ulan Bator"}, {"target": "Ibadan", "group": 9, "coords": [[35.117, -89.967], [7.367, 3.883]], "source": "Memphis"}, {"target": "Ahmedabad", "group": 9, "coords": [[35.117, -89.967], [23.017, 72.567]], "source": "Memphis"}, {"target": "Djibouti (city)", "group": 9, "coords": [[23.017, 72.567], [11.583, 43.133]], "source": "Ahmedabad"}, {"target": "Minneapolis", "group": 9, "coords": [[11.583, 43.133], [44.967, -93.25]], "source": "Djibouti (city)"}, {"target": "Kaesong", "group": 9, "coords": [[44.967, -93.25], [37.967, 126.55]], "source": "Minneapolis"}, {"target": "Shenyang", "group": 10, "coords": [[43.797273, 131.95178], [41.783, 123.45]], "source": "\u0423\u0441\u0441\u0443\u0440\u0438\u0439\u0441\u043a"}, {"target": "Asmara", "group": 10, "coords": [[43.797273, 131.95178], [15.333, 38.933]], "source": "\u0423\u0441\u0441\u0443\u0440\u0438\u0439\u0441\u043a"}, {"target": "Sri Jayawardenapura-Kotte", "group": 10, "coords": [[41.783, 123.45], [6.9, 79.883]], "source": "Shenyang"}, {"target": "Barcelona", "group": 10, "coords": [[6.9, 79.883], [41.383, 2.183]], "source": "Sri Jayawardenapura-Kotte"}, {"target": "\u0420\u0435\u0443\u0442\u043e\u0432", "group": 10, "coords": [[41.383, 2.183], [55.760515, 37.855141]], "source": "Barcelona"}, {"target": "Cali", "group": 11, "coords": [[22.633, 120.267], [3.417, -76.517]], "source": "Kaohsiung"}, {"target": "Sydney", "group": 11, "coords": [[22.633, 120.267], [-33.85, 151.2]], "source": "Kaohsiung"}, {"target": "Fortaleza", "group": 11, "coords": [[-33.85, 151.2], [-3.767, -38.567]], "source": "Sydney"}, {"target": "Shigatse", "group": 11, "coords": [[-3.767, -38.567], [29.267, 88.867]], "source": "Fortaleza"}, {"target": "Harbin", "group": 12, "coords": [[41.317, 19.817], [45.75, 126.633]], "source": "Tirana"}, {"target": "Bangui", "group": 12, "coords": [[41.317, 19.817], [4.35, 18.583]], "source": "Tirana"}, {"target": "Zhengzhou", "group": 12, "coords": [[4.35, 18.583], [34.75, 113.633]], "source": "Bangui"}, {"target": "Batticaloa", "group": 12, "coords": [[34.75, 113.633], [7.717, 81.7]], "source": "Zhengzhou"}, {"target": "Accra", "group": 12, "coords": [[7.717, 81.7], [5.55, -0.2]], "source": "Batticaloa"}, {"target": "Phuket (city)", "group": 13, "coords": [[37.0, 35.317], [7.883, 98.4]], "source": "Adana"}, {"target": "\u0410\u043d\u0430\u043f\u0430", "group": 13, "coords": [[7.883, 98.4], [44.894997, 37.316259]], "source": "Phuket (city)"}, {"target": "\u0411\u0435\u0440\u0434\u0441\u043a", "group": 13, "coords": [[44.894997, 37.316259], [54.758288, 83.107135]], "source": "\u0410\u043d\u0430\u043f\u0430"}, {"target": "Porto Velho", "group": 13, "coords": [[54.758288, 83.107135], [-8.75, -63.9]], "source": "\u0411\u0435\u0440\u0434\u0441\u043a"}, {"target": "Nakhon Ratchasima", "group": 13, "coords": [[-8.75, -63.9], [14.967, 102.1]], "source": "Porto Velho"}]