{"pskov": {"city": "\u041f\u0441\u043a\u043e\u0432", "lng": 28.331786, "lat": 57.819365, "cnm": "\u041f\u0441\u043a\u043e\u0432", "cid": "pskov", "rad": 7565}, "austin": {"lat": 30.267, "lon": -97.767, "wikipedia": "Austin,_Texas", "city": "Austin"}, "thehague": {"lat": 52.067, "lon": 4.3, "wikipedia": "The_Hague", "city": "The Hague"}, "tianjin": {"lat": 39.133, "lon": 117.183, "wikipedia": "Tianjin", "city": "Tianjin"}, "hiroshima": {"lat": 34.383, "lon": 132.45, "wikipedia": "Hiroshima", "city": "Hiroshima"}, "buzuluk": {"city": "\u0411\u0443\u0437\u0443\u043b\u0443\u043a", "lng": 52.262411, "lat": 52.788127, "cnm": "\u0411\u0443\u0437\u0443\u043b\u0443\u043a", "cid": "buzuluk", "rad": 8911}, "sabha": {"lat": 27.033, "lon": 14.433, "wikipedia": "Sabha,_Libya", "city": "Sabha"}, "s%c3%a3opaulo": {"lat": -23.55, "lon": -46.633, "wikipedia": "S%C3%A3o_Paulo", "city": "S%C3%A3o Paulo"}, "denpasar": {"lat": -8.65, "lon": 115.217, "wikipedia": "Denpasar", "city": "Denpasar"}, "hamburg": {"lat": 53.583, "lon": 9.983, "wikipedia": "Hamburg", "city": "Hamburg"}, "jaipur": {"lat": 26.917, "lon": 75.817, "wikipedia": "Jaipur", "city": "Jaipur"}, "medina": {"lat": 24.467, "lon": 39.6, "wikipedia": "Medina", "city": "Medina"}, "palembang": {"lat": -2.983, "lon": 104.75, "wikipedia": "Palembang", "city": "Palembang"}, "amritsar": {"lat": 31.633, "lon": 74.85, "wikipedia": "Amritsar", "city": "Amritsar"}, "edmonton": {"lat": 53.567, "lon": -113.517, "wikipedia": "Edmonton", "city": "Edmonton"}, "tashkent": {"lat": 41.267, "lon": 69.217, "wikipedia": "Tashkent", "city": "Tashkent"}, "kingston": {"lat": -29.067, "lon": 167.967, "wikipedia": "Kingston,_Norfolk_Island", "city": "Kingston"}, "harbin": {"lat": 45.75, "lon": 126.633, "wikipedia": "Harbin", "city": "Harbin"}, "douglas": {"lat": 54.133, "lon": -4.483, "wikipedia": "Douglas,_Isle_of_Man", "city": "Douglas"}, "danang": {"lat": 16.067, "lon": 108.233, "wikipedia": "Da_Nang", "city": "Da Nang"}, "bergen": {"lat": 60.367, "lon": 5.4, "wikipedia": "Bergen", "city": "Bergen"}, "geneva": {"lat": 46.2, "lon": 6.15, "wikipedia": "Geneva", "city": "Geneva"}, "oslo": {"lat": 59.95, "lon": 10.75, "wikipedia": "Oslo", "city": "Oslo"}, "darwin": {"lat": -12.45, "lon": 130.833, "wikipedia": "Darwin,_Northern_Territory", "city": "Darwin"}, "portmoresby": {"lat": -9.467, "lon": 147.167, "wikipedia": "Port_Moresby", "city": "Port Moresby"}, "irkutsk": {"city": "\u0418\u0440\u043a\u0443\u0442\u0441\u043a", "lng": 104.28066, "lat": 52.286387, "cnm": "\u0418\u0440\u043a\u0443\u0442\u0441\u043a", "cid": "irkutsk", "rad": 10000}, "nairobi": {"lat": -1.283, "lon": 36.817, "wikipedia": "Nairobi", "city": "Nairobi"}, "winnipeg": {"lat": 49.9, "lon": -97.133, "wikipedia": "Winnipeg", "city": "Winnipeg"}, "asbest": {"city": "\u0410\u0441\u0431\u0435\u0441\u0442", "lng": 61.458114, "lat": 57.005274, "cnm": "\u0410\u0441\u0431\u0435\u0441\u0442", "cid": "asbest", "rad": 8512}, "abakan": {"city": "\u0410\u0431\u0430\u043a\u0430\u043d", "lng": 91.442387, "lat": 53.721152, "cnm": "\u0410\u0431\u0430\u043a\u0430\u043d", "cid": "abakan", "rad": 10000}, "horta": {"lat": 38.533, "lon": -28.633, "wikipedia": "Horta_(Azores)", "city": "Horta (Azores)"}, "stepanakert": {"lat": 39.817, "lon": 46.75, "wikipedia": "Stepanakert", "city": "Stepanakert"}, "pavlovo": {"city": "\u041f\u0430\u0432\u043b\u043e\u0432\u043e", "lng": 43.06457, "lat": 55.964629, "cnm": "\u041f\u0430\u0432\u043b\u043e\u0432\u043e", "cid": "pavlovo", "rad": 6544}, "lubumbashi": {"lat": -11.667, "lon": 27.467, "wikipedia": "Lubumbashi", "city": "Lubumbashi"}, "makaticity": {"lat": 14.55, "lon": 121.033, "wikipedia": "Makati_City", "city": "Makati City"}, "jinan": {"lat": 36.667, "lon": 116.983, "wikipedia": "Jinan", "city": "Jinan"}, "glasgow": {"lat": 55.85, "lon": -4.25, "wikipedia": "Glasgow", "city": "Glasgow"}, "kazan": {"city": "\u041a\u0430\u0437\u0430\u043d\u044c", "lng": 49.106324, "lat": 55.798551, "cnm": "\u041a\u0430\u0437\u0430\u043d\u044c", "cid": "kazan", "rad": 10000}, "dhaka": {"lat": 23.7, "lon": 90.367, "wikipedia": "Dhaka", "city": "Dhaka"}, "faisalabad": {"lat": 31.367, "lon": 72.983, "wikipedia": "Faisalabad", "city": "Faisalabad"}, "lasvegas": {"lat": 36.167, "lon": -115.133, "wikipedia": "Las_Vegas,_Nevada", "city": "Las Vegas"}, "recife": {"lat": -8.067, "lon": -34.867, "wikipedia": "Recife", "city": "Recife"}, "strasbourg": {"lat": 48.583, "lon": 7.75, "wikipedia": "Strasbourg", "city": "Strasbourg"}, "casablanca": {"lat": 33.533, "lon": -7.583, "wikipedia": "Casablanca", "city": "Casablanca"}, "kobe": {"lat": 34.683, "lon": 135.2, "wikipedia": "Kobe", "city": "Kobe"}, "khabarovsk": {"city": "\u0425\u0430\u0431\u0430\u0440\u043e\u0432\u0441\u043a", "lng": 135.071917, "lat": 48.480223, "cnm": "\u0425\u0430\u0431\u0430\u0440\u043e\u0432\u0441\u043a", "cid": "khabarovsk", "rad": 10000}, "daressalaam": {"lat": -6.817, "lon": 39.267, "wikipedia": "Dar_es_Salaam", "city": "Dar es Salaam"}, "hatyai": {"lat": 7.017, "lon": 100.467, "wikipedia": "Hat_Yai", "city": "Hat Yai"}, "cockburntown": {"lat": 21.45, "lon": -71.133, "wikipedia": "Cockburn_Town", "city": "Cockburn Town"}, "belfast": {"lat": 54.6, "lon": -5.917, "wikipedia": "Belfast", "city": "Belfast"}, "st.louis": {"lat": 38.617, "lon": -90.183, "wikipedia": "St._Louis,_Missouri", "city": "St. Louis"}, "phnompenh": {"lat": 11.55, "lon": 104.917, "wikipedia": "Phnom_Penh", "city": "Phnom Penh"}, "durango": {"lat": 24.017, "lon": -104.667, "wikipedia": "Durango,_Durango", "city": "Durango"}, "tskhinvali": {"lat": 42.233, "lon": 43.967, "wikipedia": "Tskhinvali", "city": "Tskhinvali"}, "berlin": {"lat": 52.517, "lon": 13.417, "wikipedia": "Berlin", "city": "Berlin"}, "wuhan": {"lat": 30.567, "lon": 114.267, "wikipedia": "Wuhan", "city": "Wuhan"}, "mexicali": {"lat": 32.667, "lon": -115.467, "wikipedia": "Mexicali", "city": "Mexicali"}, "louisville": {"lat": 38.25, "lon": -85.75, "wikipedia": "Louisville,_Kentucky", "city": "Louisville"}, "mandurah": {"lat": -32.517, "lon": 115.717, "wikipedia": "Mandurah", "city": "Mandurah"}, "tokyo": {"lat": 35.683, "lon": 139.767, "wikipedia": "Tokyo", "city": "Tokyo"}, "lapaz": {"lat": -16.5, "lon": -68.15, "wikipedia": "La_Paz", "city": "La Paz"}, "melbourne": {"lat": -37.8, "lon": 144.95, "wikipedia": "Melbourne", "city": "Melbourne"}, "buffalo": {"lat": 42.9, "lon": -78.85, "wikipedia": "Buffalo,_New_York", "city": "Buffalo"}, "forkedriver": {"lat": 39.817, "lon": -74.183, "wikipedia": "Forked_River", "city": "Forked River"}, "m%c3%a9rida": {"lat": 20.967, "lon": -89.617, "wikipedia": "M%C3%A9rida,_Yucat%C3%A1n", "city": "M%C3%A9rida"}, "kolomna": {"city": "\u041a\u043e\u043b\u043e\u043c\u043d\u0430", "lng": 38.765224, "lat": 55.09524, "cnm": "\u041a\u043e\u043b\u043e\u043c\u043d\u0430", "cid": "kolomna", "rad": 6485}, "istanbul": {"lat": 41.0, "lon": 28.967, "wikipedia": "Istanbul", "city": "Istanbul"}, "kyoto": {"lat": 35.017, "lon": 135.767, "wikipedia": "Kyoto", "city": "Kyoto"}, "ibadan": {"lat": 7.367, "lon": 3.883, "wikipedia": "Ibadan", "city": "Ibadan"}, "singapore": {"lat": 1.367, "lon": 103.8, "wikipedia": "Singapore", "city": "Singapore"}, "taipei": {"lat": 25.033, "lon": 121.633, "wikipedia": "Taipei", "city": "Taipei"}, "sacramento": {"lat": 38.55, "lon": -121.467, "wikipedia": "Sacramento,_California", "city": "Sacramento"}, "vyksa": {"city": "\u0412\u044b\u043a\u0441\u0430", "lng": 42.167961, "lat": 55.320683, "cnm": "\u0412\u044b\u043a\u0441\u0430", "cid": "vyksa", "rad": 6470}, "cusco": {"lat": -13.5, "lon": -71.967, "wikipedia": "Cusco", "city": "Cusco"}, "cork": {"lat": 51.883, "lon": -8.467, "wikipedia": "Cork_(city)", "city": "Cork (city)"}, "surgut": {"city": "\u0421\u0443\u0440\u0433\u0443\u0442", "lng": 73.396204, "lat": 61.254052, "cnm": "\u0421\u0443\u0440\u0433\u0443\u0442", "cid": "surgut", "rad": 8744}, "quito": {"lat": 0.25, "lon": -78.583, "wikipedia": "Quito", "city": "Quito"}, "madrid": {"lat": 40.4, "lon": -3.683, "wikipedia": "Madrid", "city": "Madrid"}, "tucson": {"lat": 32.2, "lon": -110.917, "wikipedia": "Tucson,_Arizona", "city": "Tucson"}, "alofi": {"lat": -19.05, "lon": -169.917, "wikipedia": "Alofi", "city": "Alofi"}, "kotabharu": {"lat": 6.133, "lon": 102.25, "wikipedia": "Kota_Bharu", "city": "Kota Bharu"}, "bor": {"city": "\u0411\u043e\u0440", "lng": 44.064575, "lat": 56.356517, "cnm": "\u0411\u043e\u0440", "cid": "bor", "rad": 10000}, "riobranco": {"lat": -10.117, "lon": -69.35, "wikipedia": "Rio_Branco", "city": "Rio Branco"}, "birobidgan": {"city": "\u0411\u0438\u0440\u043e\u0431\u0438\u0434\u0436\u0430\u043d", "lng": 132.921736, "lat": 48.794662, "cnm": "\u0411\u0438\u0440\u043e\u0431\u0438\u0434\u0436\u0430\u043d", "cid": "birobidgan", "rad": 8334}, "pristina": {"lat": 42.667, "lon": 21.167, "wikipedia": "Pristina", "city": "Pristina"}, "astrahan": {"city": "\u0410\u0441\u0442\u0440\u0430\u0445\u0430\u043d\u044c", "lng": 48.033574, "lat": 46.347869, "cnm": "\u0410\u0441\u0442\u0440\u0430\u0445\u0430\u043d\u044c", "cid": "astrahan", "rad": 10000}, "charlotte": {"lat": 35.2, "lon": -80.817, "wikipedia": "Charlotte,_North_Carolina", "city": "Charlotte"}, "kondrovo": {"city": "\u041a\u043e\u043d\u0434\u0440\u043e\u0432\u043e", "lng": 35.926647, "lat": 54.80743, "cnm": "\u041a\u043e\u043d\u0434\u0440\u043e\u0432\u043e", "cid": "kondrovo", "rad": 4050}, "solnechnogorsk": {"city": "\u0421\u043e\u043b\u043d\u0435\u0447\u043d\u043e\u0433\u043e\u0440\u0441\u043a", "lng": 36.976678, "lat": 56.185147, "cnm": "\u0421\u043e\u043b\u043d\u0435\u0447\u043d\u043e\u0433\u043e\u0440\u0441\u043a", "cid": "solnechnogorsk", "rad": 5800}, "dakar": {"lat": 14.683, "lon": -17.433, "wikipedia": "Dakar", "city": "Dakar"}, "bandaaceh": {"lat": 5.55, "lon": 95.317, "wikipedia": "Banda_Aceh", "city": "Banda Aceh"}, "douala": {"lat": 4.05, "lon": 9.7, "wikipedia": "Douala", "city": "Douala"}, "klin": {"city": "\u041a\u043b\u0438\u043d", "lng": 36.728716, "lat": 56.331693, "cnm": "\u041a\u043b\u0438\u043d", "cid": "klin", "rad": 9303}, "avarua": {"lat": -21.2, "lon": -159.767, "wikipedia": "Avarua", "city": "Avarua"}, "chicago": {"lat": 41.867, "lon": -87.617, "wikipedia": "Chicago", "city": "Chicago"}, "algiers": {"lat": 36.7, "lon": 3.217, "wikipedia": "Algiers", "city": "Algiers"}, "toulouse": {"lat": 43.6, "lon": 1.433, "wikipedia": "Toulouse", "city": "Toulouse"}, "copenhagen": {"lat": 55.667, "lon": 12.567, "wikipedia": "Copenhagen", "city": "Copenhagen"}, "davaocity": {"lat": 7.5, "lon": 126.0, "wikipedia": "Davao_City", "city": "Davao City"}, "seattle": {"lat": 47.6, "lon": -122.317, "wikipedia": "Seattle", "city": "Seattle"}, "addisababa": {"lat": 9.017, "lon": 38.733, "wikipedia": "Addis_Ababa", "city": "Addis Ababa"}, "durban": {"lat": -29.883, "lon": 31.05, "wikipedia": "Durban", "city": "Durban"}, "turin": {"lat": 45.067, "lon": 7.7, "wikipedia": "Turin", "city": "Turin"}, "alexandria": {"lat": 31.2, "lon": 29.917, "wikipedia": "Alexandria", "city": "Alexandria"}, "portoalegre": {"lat": 30.033, "lon": -51.217, "wikipedia": "Porto_Alegre", "city": "Porto Alegre"}, "semarang": {"lat": -6.967, "lon": 110.417, "wikipedia": "Semarang", "city": "Semarang"}, "luanda": {"lat": -8.833, "lon": 13.233, "wikipedia": "Luanda", "city": "Luanda"}, "kuching": {"lat": 1.55, "lon": 110.35, "wikipedia": "Kuching", "city": "Kuching"}, "s%c3%a3ojos%c3%a9doscampos": {"lat": -23.183, "lon": -45.867, "wikipedia": "S%C3%A3o_Jos%C3%A9_dos_Campos", "city": "S%C3%A3o Jos%C3%A9 dos Campos"}, "vaduz": {"lat": 47.133, "lon": 9.517, "wikipedia": "Vaduz", "city": "Vaduz"}, "helsinki": {"lat": 60.167, "lon": 24.933, "wikipedia": "Helsinki", "city": "Helsinki"}, "mytischi": {"city": "\u041c\u044b\u0442\u0438\u0449\u0438", "lng": 37.73633, "lat": 55.910503, "cnm": "\u041c\u044b\u0442\u0438\u0449\u0438", "cid": "mytischi", "rad": 7944}, "khartoum": {"lat": 15.633, "lon": 32.533, "wikipedia": "Khartoum", "city": "Khartoum"}, "dili": {"lat": -8.55, "lon": 125.583, "wikipedia": "Dili", "city": "Dili"}, "tamale": {"lat": 9.4, "lon": -0.85, "wikipedia": "Tamale,_Ghana", "city": "Tamale"}, "apia": {"lat": -13.833, "lon": -171.833, "wikipedia": "Apia", "city": "Apia"}, "newyorkcity": {"lat": 40.717, "lon": -74.0, "wikipedia": "New_York_City", "city": "New York City"}, "nassau": {"lat": 25.05, "lon": -77.333, "wikipedia": "Nassau,_Bahamas", "city": "Nassau"}, "lviv": {"lat": 49.85, "lon": 24.017, "wikipedia": "Lviv", "city": "Lviv"}, "yerevan": {"lat": 40.183, "lon": 44.517, "wikipedia": "Yerevan", "city": "Yerevan"}, "thevalley": {"lat": 18.217, "lon": -63.05, "wikipedia": "The_Valley,_Anguilla", "city": "The Valley"}, "montreal": {"lat": 45.5, "lon": -73.55, "wikipedia": "Montreal", "city": "Montreal"}, "nagoya": {"lat": 35.183, "lon": 136.9, "wikipedia": "Nagoya", "city": "Nagoya"}, "lilongwe": {"lat": -13.983, "lon": 33.783, "wikipedia": "Lilongwe", "city": "Lilongwe"}, "london": {"lat": 51.5, "lon": -0.117, "wikipedia": "London", "city": "London"}, "udonthani": {"lat": 17.417, "lon": 102.75, "wikipedia": "Udon_Thani", "city": "Udon Thani"}, "lom%c3%a9": {"lat": 6.133, "lon": 1.2, "wikipedia": "Lom%C3%A9", "city": "Lom%C3%A9"}, "omdurman": {"lat": 15.65, "lon": 32.483, "wikipedia": "Omdurman", "city": "Omdurman"}, "johannesburg": {"lat": -26.2, "lon": 28.033, "wikipedia": "Johannesburg", "city": "Johannesburg"}, "ouagadougou": {"lat": 12.35, "lon": -1.533, "wikipedia": "Ouagadougou", "city": "Ouagadougou"}, "kualalumpur": {"lat": 3.133, "lon": 101.683, "wikipedia": "Kuala_Lumpur", "city": "Kuala Lumpur"}, "kaohsiung": {"lat": 22.633, "lon": 120.267, "wikipedia": "Kaohsiung", "city": "Kaohsiung"}, "tehran": {"lat": 35.683, "lon": 51.417, "wikipedia": "Tehran", "city": "Tehran"}, "qingdao": {"lat": 36.083, "lon": 120.333, "wikipedia": "Qingdao", "city": "Qingdao"}, "leeds": {"lat": 53.8, "lon": -1.55, "wikipedia": "Leeds", "city": "Leeds"}, "curitiba": {"lat": -25.417, "lon": -49.25, "wikipedia": "Curitiba", "city": "Curitiba"}, "berdsk": {"city": "\u0411\u0435\u0440\u0434\u0441\u043a", "lng": 83.107135, "lat": 54.758288, "cnm": "\u0411\u0435\u0440\u0434\u0441\u043a", "cid": "berdsk", "rad": 8324}, "shenzhen": {"lat": 22.55, "lon": 114.1, "wikipedia": "Shenzhen", "city": "Shenzhen"}, "hangaroa": {"lat": 27.15, "lon": -109.433, "wikipedia": "Hanga_Roa", "city": "Hanga Roa"}, "nukulaelae": {"lat": -9.383, "lon": 179.85, "wikipedia": "Nukulaelae", "city": "Nukulaelae"}, "shenyang": {"lat": 41.783, "lon": 123.45, "wikipedia": "Shenyang", "city": "Shenyang"}, "sanantonio": {"lat": 29.533, "lon": -98.467, "wikipedia": "San_Antonio", "city": "San Antonio"}, "st.john%27s": {"lat": 47.55, "lon": -52.7, "wikipedia": "St._John%27s,_Newfoundland_and_Labrador", "city": "St. John%27s"}, "iskitim": {"city": "\u0418\u0441\u043a\u0438\u0442\u0438\u043c", "lng": 83.306382, "lat": 54.642582, "cnm": "\u0418\u0441\u043a\u0438\u0442\u0438\u043c", "cid": "iskitim", "rad": 10000}, "xi%27an": {"lat": 34.267, "lon": 108.9, "wikipedia": "Xi%27an", "city": "Xi%27an"}, "salzburg": {"lat": 47.8, "lon": 13.033, "wikipedia": "Salzburg", "city": "Salzburg"}, "petropavlovskkamchatsky": {"lat": 53.017, "lon": 158.65, "wikipedia": "Petropavlovsk-Kamchatsky", "city": "Petropavlovsk-Kamchatsky"}, "dresden": {"lat": 51.05, "lon": 13.733, "wikipedia": "Dresden", "city": "Dresden"}, "adana": {"lat": 37.0, "lon": 35.317, "wikipedia": "Adana", "city": "Adana"}, "atlanta": {"lat": 33.75, "lon": -84.383, "wikipedia": "Atlanta", "city": "Atlanta"}, "sapporo": {"lat": 43.067, "lon": 141.35, "wikipedia": "Sapporo", "city": "Sapporo"}, "batticaloa": {"lat": 7.717, "lon": 81.7, "wikipedia": "Batticaloa", "city": "Batticaloa"}, "livingstone": {"lat": -17.85, "lon": 25.867, "wikipedia": "Livingstone,_Zambia", "city": "Livingstone"}, "baltimore": {"lat": 39.283, "lon": -76.617, "wikipedia": "Baltimore", "city": "Baltimore"}, "honiara": {"lat": -9.433, "lon": 159.95, "wikipedia": "Honiara", "city": "Honiara"}, "samara": {"city": "\u0421\u0430\u043c\u0430\u0440\u0430", "lng": 50.101819, "lat": 53.195522, "cnm": "\u0421\u0430\u043c\u0430\u0440\u0430", "cid": "samara", "rad": 10000}, "dalian": {"lat": 39.033, "lon": 121.767, "wikipedia": "Dalian", "city": "Dalian"}, "tagbilaran": {"lat": 9.65, "lon": 123.85, "wikipedia": "Tagbilaran", "city": "Tagbilaran"}, "neworleans": {"lat": 29.967, "lon": -90.067, "wikipedia": "New_Orleans", "city": "New Orleans"}, "athens": {"lat": 37.967, "lon": 23.717, "wikipedia": "Athens", "city": "Athens"}, "zagreb": {"lat": 45.817, "lon": 15.983, "wikipedia": "Zagreb", "city": "Zagreb"}, "ussuriysk": {"city": "\u0423\u0441\u0441\u0443\u0440\u0438\u0439\u0441\u043a", "lng": 131.95178, "lat": 43.797273, "cnm": "\u0423\u0441\u0441\u0443\u0440\u0438\u0439\u0441\u043a", "cid": "ussuriysk", "rad": 10000}, "bangalore": {"lat": 12.967, "lon": 77.567, "wikipedia": "Bangalore", "city": "Bangalore"}, "cannes": {"lat": 43.55, "lon": 7.0, "wikipedia": "Cannes", "city": "Cannes"}, "kaspiysk": {"city": "\u041a\u0430\u0441\u043f\u0438\u0439\u0441\u043a", "lng": 47.636671, "lat": 42.891586, "cnm": "\u041a\u0430\u0441\u043f\u0438\u0439\u0441\u043a", "cid": "kaspiysk", "rad": 5904}, "majuro": {"lat": 7.067, "lon": 171.267, "wikipedia": "Majuro", "city": "Majuro"}, "norilsk": {"lat": 69.35, "lon": 88.2, "wikipedia": "Norilsk", "city": "Norilsk"}, "n%27djamena": {"lat": 12.1, "lon": 15.05, "wikipedia": "N%27Djamena", "city": "N%27Djamena"}, "domodedovo": {"city": "\u0414\u043e\u043c\u043e\u0434\u0435\u0434\u043e\u0432\u043e", "lng": 37.768049, "lat": 55.437112, "cnm": "\u0414\u043e\u043c\u043e\u0434\u0435\u0434\u043e\u0432\u043e", "cid": "domodedovo", "rad": 10000}, "philadelphia": {"lat": 39.95, "lon": -75.167, "wikipedia": "Philadelphia", "city": "Philadelphia"}, "bandarseribegawan": {"lat": 4.883, "lon": 114.933, "wikipedia": "Bandar_Seri_Begawan", "city": "Bandar Seri Begawan"}, "bulawayo": {"lat": -20.167, "lon": 28.567, "wikipedia": "Bulawayo", "city": "Bulawayo"}, "vyborg": {"city": "\u0412\u044b\u0431\u043e\u0440\u0433", "lng": 28.749404, "lat": 60.710232, "cnm": "\u0412\u044b\u0431\u043e\u0440\u0433", "cid": "vyborg", "rad": 10000}, "novoshahtinsk": {"city": "\u041d\u043e\u0432\u043e\u0448\u0430\u0445\u0442\u0438\u043d\u0441\u043a", "lng": 39.93643, "lat": 47.757738, "cnm": "\u041d\u043e\u0432\u043e\u0448\u0430\u0445\u0442\u0438\u043d\u0441\u043a", "cid": "novoshahtinsk", "rad": 10000}, "providence": {"lat": 41.817, "lon": -71.417, "wikipedia": "Providence,_Rhode_Island", "city": "Providence"}, "graz": {"lat": 47.067, "lon": 15.433, "wikipedia": "Graz", "city": "Graz"}, "valdivia": {"lat": -39.817, "lon": -73.233, "wikipedia": "Valdivia,_Chile", "city": "Valdivia"}, "wonsan": {"lat": 39.15, "lon": 127.433, "wikipedia": "Wonsan", "city": "Wonsan"}, "auckland": {"lat": -36.85, "lon": 174.783, "wikipedia": "Auckland", "city": "Auckland"}, "bursa": {"lat": 40.183, "lon": 29.067, "wikipedia": "Bursa", "city": "Bursa"}, "changchun": {"lat": 43.883, "lon": 125.317, "wikipedia": "Changchun", "city": "Changchun"}, "sancarlosdebariloche": {"lat": -41.15, "lon": -71.3, "wikipedia": "San_Carlos_de_Bariloche", "city": "San Carlos de Bariloche"}, "sukhumi": {"lat": 43.0, "lon": 41.017, "wikipedia": "Sukhumi", "city": "Sukhumi"}, "feodosia": {"city": "\u0424\u0435\u043e\u0434\u043e\u0441\u0438\u044f", "lng": 35.382429, "lat": 45.031929, "cnm": "\u0424\u0435\u043e\u0434\u043e\u0441\u0438\u044f", "cid": "feodosia", "rad": 5742}, "enugu": {"lat": 6.45, "lon": 7.5, "wikipedia": "Enugu", "city": "Enugu"}, "handan": {"lat": 36.6, "lon": 114.483, "wikipedia": "Handan", "city": "Handan"}, "serekunda": {"lat": 13.433, "lon": -16.667, "wikipedia": "Serekunda", "city": "Serekunda"}, "suva": {"lat": -18.133, "lon": 178.433, "wikipedia": "Suva", "city": "Suva"}, "jacksonville": {"lat": 30.317, "lon": -81.65, "wikipedia": "Jacksonville,_Florida", "city": "Jacksonville"}, "monterrey": {"lat": 25.667, "lon": -100.3, "wikipedia": "Monterrey", "city": "Monterrey"}, "yellowknife": {"lat": 62.45, "lon": -114.4, "wikipedia": "Yellowknife", "city": "Yellowknife"}, "malaccatown": {"lat": 2.183, "lon": 102.383, "wikipedia": "Malacca_Town", "city": "Malacca Town"}, "sanjuan": {"lat": 18.45, "lon": -66.067, "wikipedia": "San_Juan,_Puerto_Rico", "city": "San Juan"}, "memphis": {"lat": 35.117, "lon": -89.967, "wikipedia": "Memphis,_Tennessee", "city": "Memphis"}, "miri": {"lat": 4.383, "lon": 113.967, "wikipedia": "Miri", "city": "Miri"}, "boston": {"lat": 42.35, "lon": -71.05, "wikipedia": "Boston", "city": "Boston"}, "hu%e1%ba%bf": {"lat": 16.467, "lon": 107.6, "wikipedia": "Hu%E1%BA%BF", "city": "Hu%E1%BA%BF"}, "rybinsk": {"city": "\u0420\u044b\u0431\u0438\u043d\u0441\u043a", "lng": 38.858433, "lat": 58.048454, "cnm": "\u0420\u044b\u0431\u0438\u043d\u0441\u043a", "cid": "rybinsk", "rad": 7646}, "libreville": {"lat": 0.383, "lon": 9.45, "wikipedia": "Libreville", "city": "Libreville"}, "seoul": {"lat": 37.55, "lon": 126.983, "wikipedia": "Seoul", "city": "Seoul"}, "tirana": {"lat": 41.317, "lon": 19.817, "wikipedia": "Tirana", "city": "Tirana"}, "birmingham": {"lat": 52.483, "lon": -1.883, "wikipedia": "Birmingham", "city": "Birmingham"}, "maseru": {"lat": -29.3, "lon": 27.467, "wikipedia": "Maseru", "city": "Maseru"}, "goldcoast": {"lat": -28.167, "lon": 153.55, "wikipedia": "Gold_Coast,_Queensland", "city": "Gold Coast"}, "mashhad": {"lat": 36.3, "lon": 59.6, "wikipedia": "Mashhad", "city": "Mashhad"}, "saintdenis": {"lat": -20.867, "lon": 55.45, "wikipedia": "Saint-Denis,_R%C3%A9union", "city": "Saint-Denis"}, "dubai": {"lat": 25.267, "lon": 55.3, "wikipedia": "Dubai", "city": "Dubai"}, "niamey": {"lat": 13.517, "lon": 2.1, "wikipedia": "Niamey", "city": "Niamey"}, "srijayawardenapurakotte": {"lat": 6.9, "lon": 79.883, "wikipedia": "Sri_Jayawardenapura-Kotte", "city": "Sri Jayawardenapura-Kotte"}, "johorbahru": {"lat": 1.483, "lon": 103.733, "wikipedia": "Johor_Bahru", "city": "Johor Bahru"}, "fortdefrance": {"lat": 14.6, "lon": -61.083, "wikipedia": "Fort-de-France", "city": "Fort-de-France"}, "aarhus": {"lat": 56.15, "lon": 10.2, "wikipedia": "Aarhus", "city": "Aarhus"}, "veracruz": {"lat": 19.183, "lon": -96.133, "wikipedia": "Veracruz,_Veracruz", "city": "Veracruz"}, "kolpino": {"city": "\u041a\u043e\u043b\u043f\u0438\u043d\u043e", "lng": 30.595361, "lat": 59.746718, "cnm": "\u041a\u043e\u043b\u043f\u0438\u043d\u043e", "cid": "kolpino", "rad": 10000}, "wellington": {"lat": -41.283, "lon": 174.767, "wikipedia": "Wellington", "city": "Wellington"}, "kanpur": {"lat": 26.45, "lon": 80.333, "wikipedia": "Kanpur", "city": "Kanpur"}, "oklahomacity": {"lat": 35.467, "lon": -97.533, "wikipedia": "Oklahoma_City", "city": "Oklahoma City"}, "cleveland": {"lat": 41.483, "lon": -81.667, "wikipedia": "Cleveland", "city": "Cleveland"}, "noviy-urengoy": {"city": "\u041d\u043e\u0432\u044b\u0439 \u0423\u0440\u0435\u043d\u0433\u043e\u0439", "lng": 76.680974, "lat": 66.083963, "cnm": "\u041d\u043e\u0432\u044b\u0439 \u0423\u0440\u0435\u043d\u0433\u043e\u0439", "cid": "noviy-urengoy", "rad": 10000}, "calgary": {"lat": 51.033, "lon": -114.05, "wikipedia": "Calgary", "city": "Calgary"}, "chengdu": {"lat": 30.65, "lon": 104.067, "wikipedia": "Chengdu", "city": "Chengdu"}, "sofia": {"lat": 42.7, "lon": 23.333, "wikipedia": "Sofia", "city": "Sofia"}, "alorstar": {"lat": 6.117, "lon": 100.367, "wikipedia": "Alor_Star", "city": "Alor Star"}, "vit%c3%b3ria": {"lat": -20.317, "lon": -40.333, "wikipedia": "Vit%C3%B3ria,_Brazil", "city": "Vit%C3%B3ria"}, "rochester": {"lat": 43.15, "lon": -77.6, "wikipedia": "Rochester,_New_York", "city": "Rochester"}, "tripoli": {"lat": 32.9, "lon": 13.183, "wikipedia": "Tripoli", "city": "Tripoli"}, "kiev": {"lat": 50.45, "lon": 30.517, "wikipedia": "Kiev", "city": "Kiev"}, "victoria": {"lat": -4.617, "lon": 55.45, "wikipedia": "Victoria,_Seychelles", "city": "Victoria"}, "nizhnynovgorod": {"lat": 56.333, "lon": 44.0, "wikipedia": "Nizhny_Novgorod", "city": "Nizhny Novgorod"}, "pyongyang": {"lat": 39.033, "lon": 125.75, "wikipedia": "Pyongyang", "city": "Pyongyang"}, "malm%c3%b6": {"lat": 55.583, "lon": 13.033, "wikipedia": "Malm%C3%B6", "city": "Malm%C3%B6"}, "laserena": {"lat": -29.9, "lon": -71.25, "wikipedia": "La_Serena,_Chile", "city": "La Serena"}, "cotonou": {"lat": 6.35, "lon": 2.417, "wikipedia": "Cotonou", "city": "Cotonou"}, "stanley": {"lat": 51.683, "lon": -57.85, "wikipedia": "Stanley,_Falkland_Islands", "city": "Stanley"}, "amsterdam": {"lat": 52.367, "lon": 4.883, "wikipedia": "Amsterdam", "city": "Amsterdam"}, "ahmedabad": {"lat": 23.017, "lon": 72.567, "wikipedia": "Ahmedabad", "city": "Ahmedabad"}, "rabat": {"lat": 34.033, "lon": -6.833, "wikipedia": "Rabat", "city": "Rabat"}, "perth": {"lat": -31.95, "lon": 115.85, "wikipedia": "Perth,_Western_Australia", "city": "Perth"}, "ambon": {"lat": -3.7, "lon": 128.167, "wikipedia": "Ambon,_Maluku", "city": "Ambon"}, "c%c3%b3rdoba": {"lat": -31.4, "lon": -64.183, "wikipedia": "C%C3%B3rdoba,_Argentina", "city": "C%C3%B3rdoba"}, "djibouti": {"lat": 11.583, "lon": 43.133, "wikipedia": "Djibouti_(city)", "city": "Djibouti (city)"}, "warsaw": {"lat": 52.233, "lon": 21.0, "wikipedia": "Warsaw", "city": "Warsaw"}, "jakarta": {"lat": -6.133, "lon": 106.75, "wikipedia": "Jakarta", "city": "Jakarta"}, "medell%c3%adn": {"lat": 6.233, "lon": -75.567, "wikipedia": "Medell%C3%ADn", "city": "Medell%C3%ADn"}, "angarsk": {"city": "\u0410\u043d\u0433\u0430\u0440\u0441\u043a", "lng": 103.888456, "lat": 52.544889, "cnm": "\u0410\u043d\u0433\u0430\u0440\u0441\u043a", "cid": "angarsk", "rad": 10000}, "sevastopol": {"city": "\u0421\u0435\u0432\u0430\u0441\u0442\u043e\u043f\u043e\u043b\u044c", "lng": 33.525432, "lat": 44.616687, "cnm": "\u0421\u0435\u0432\u0430\u0441\u0442\u043e\u043f\u043e\u043b\u044c", "cid": "sevastopol", "rad": 10000}, "quebeccity": {"lat": 46.8, "lon": -71.217, "wikipedia": "Quebec_City", "city": "Quebec City"}, "grozniy": {"city": "\u0413\u0440\u043e\u0437\u043d\u044b\u0439", "lng": 45.694909, "lat": 43.317776, "cnm": "\u0413\u0440\u043e\u0437\u043d\u044b\u0439", "cid": "grozniy", "rad": 10000}, "pretoria": {"lat": -25.733, "lon": 28.183, "wikipedia": "Pretoria", "city": "Pretoria"}, "komsomolsk-at-amur": {"city": "\u041a\u043e\u043c\u0441\u043e\u043c\u043e\u043b\u044c\u0441\u043a-\u043d\u0430-\u0410\u043c\u0443\u0440\u0435", "lng": 137.007948, "lat": 50.549923, "cnm": "\u041a\u043e\u043c\u0441\u043e\u043c\u043e\u043b\u044c\u0441\u043a-\u043d\u0430-\u0410\u043c\u0443\u0440\u0435", "cid": "komsomolsk-at-amur", "rad": 10000}, "saltlakecity": {"lat": 40.75, "lon": -111.883, "wikipedia": "Salt_Lake_City", "city": "Salt Lake City"}, "hochiminhcity": {"lat": 10.767, "lon": 106.683, "wikipedia": "Ho_Chi_Minh_City", "city": "Ho Chi Minh City"}, "palma": {"lat": 39.567, "lon": 2.65, "wikipedia": "Palma,_Majorca", "city": "Palma"}, "dunedin": {"lat": -45.867, "lon": 170.5, "wikipedia": "Dunedin", "city": "Dunedin"}, "koulikoro": {"lat": 12.983, "lon": -7.567, "wikipedia": "Koulikoro", "city": "Koulikoro"}, "praia": {"lat": 14.917, "lon": -23.517, "wikipedia": "Praia", "city": "Praia"}, "valencia": {"lat": 39.483, "lon": -0.367, "wikipedia": "Valencia,_Spain", "city": "Valencia"}, "incheon": {"lat": 37.483, "lon": 126.633, "wikipedia": "Incheon", "city": "Incheon"}, "belgorod": {"city": "\u0411\u0435\u043b\u0433\u043e\u0440\u043e\u0434", "lng": 36.587223, "lat": 50.59566, "cnm": "\u0411\u0435\u043b\u0433\u043e\u0440\u043e\u0434", "cid": "belgorod", "rad": 10000}, "hanover": {"lat": 52.367, "lon": 9.717, "wikipedia": "Hanover", "city": "Hanover"}, "newdelhi": {"lat": 28.617, "lon": 77.2, "wikipedia": "New_Delhi", "city": "New Delhi"}, "detroit": {"lat": 42.333, "lon": -83.05, "wikipedia": "Detroit", "city": "Detroit"}, "kandahar": {"lat": 31.617, "lon": 65.717, "wikipedia": "Kandahar", "city": "Kandahar"}, "brisbane": {"lat": -27.467, "lon": 153.017, "wikipedia": "Brisbane", "city": "Brisbane"}, "sydney": {"lat": -33.85, "lon": 151.2, "wikipedia": "Sydney", "city": "Sydney"}, "surat": {"lat": 21.167, "lon": 72.817, "wikipedia": "Surat,_Gujarat", "city": "Surat"}, "beijing": {"lat": 39.9, "lon": 116.4, "wikipedia": "Beijing", "city": "Beijing"}, "kawasaki": {"lat": 35.517, "lon": 139.7, "wikipedia": "Kawasaki,_Kanagawa", "city": "Kawasaki"}, "manzini": {"lat": -26.483, "lon": 31.367, "wikipedia": "Manzini,_Swaziland", "city": "Manzini"}, "arbil": {"lat": 36.333, "lon": 44.017, "wikipedia": "Arbil", "city": "Arbil"}, "osaka": {"lat": 34.683, "lon": 135.5, "wikipedia": "Osaka", "city": "Osaka"}, "makhachkala": {"city": "\u041c\u0430\u0445\u0430\u0447\u043a\u0430\u043b\u0430", "lng": 47.504682, "lat": 42.98306, "cnm": "\u041c\u0430\u0445\u0430\u0447\u043a\u0430\u043b\u0430", "cid": "makhachkala", "rad": 9633}, "tampere": {"lat": 61.5, "lon": 23.75, "wikipedia": "Tampere", "city": "Tampere"}, "quezoncity": {"lat": 14.633, "lon": 121.033, "wikipedia": "Quezon_City", "city": "Quezon City"}, "basra": {"lat": 30.5, "lon": 47.817, "wikipedia": "Basra", "city": "Basra"}, "sansalvador": {"lat": 13.683, "lon": -89.183, "wikipedia": "San_Salvador", "city": "San Salvador"}, "jerusalem": {"lat": 31.783, "lon": 35.217, "wikipedia": "Jerusalem", "city": "Jerusalem"}, "murmansk": {"lat": 68.967, "lon": 33.083, "wikipedia": "Murmansk", "city": "Murmansk"}, "nakhonratchasima": {"lat": 14.967, "lon": 102.1, "wikipedia": "Nakhon_Ratchasima", "city": "Nakhon Ratchasima"}, "mumbai": {"lat": 18.95, "lon": 72.817, "wikipedia": "Mumbai", "city": "Mumbai"}, "thimphu": {"lat": 27.467, "lon": 89.633, "wikipedia": "Thimphu", "city": "Thimphu"}, "castries": {"lat": 14.017, "lon": -60.983, "wikipedia": "Castries", "city": "Castries"}, "roadtown": {"lat": 18.433, "lon": -64.617, "wikipedia": "Road_Town", "city": "Road Town"}, "antwerp": {"lat": 51.217, "lon": 4.4, "wikipedia": "Antwerp", "city": "Antwerp"}, "gaborone": {"lat": -24.65, "lon": 25.9, "wikipedia": "Gaborone", "city": "Gaborone"}, "ushuaia": {"lat": -54.8, "lon": -68.3, "wikipedia": "Ushuaia", "city": "Ushuaia"}, "ipoh": {"lat": 4.6, "lon": 101.067, "wikipedia": "Ipoh", "city": "Ipoh"}, "reykjav%c3%adk": {"lat": 64.133, "lon": -21.933, "wikipedia": "Reykjav%C3%ADk", "city": "Reykjav%C3%ADk"}, "klintsy": {"city": "\u041a\u043b\u0438\u043d\u0446\u044b", "lng": 32.233861, "lat": 52.752816, "cnm": "\u041a\u043b\u0438\u043d\u0446\u044b", "cid": "klintsy", "rad": 9689}, "gus-chrustalniy": {"city": "\u0413\u0443\u0441\u044c-\u0425\u0440\u0443\u0441\u0442\u0430\u043b\u044c\u043d\u044b\u0439", "lng": 40.657902, "lat": 55.619818, "cnm": "\u0413\u0443\u0441\u044c-\u0425\u0440\u0443\u0441\u0442\u0430\u043b\u044c\u043d\u044b\u0439", "cid": "gus-chrustalniy", "rad": 5124}, "kumertau": {"city": "\u041a\u0443\u043c\u0435\u0440\u0442\u0430\u0443", "lng": 55.796958, "lat": 52.756539, "cnm": "\u041a\u0443\u043c\u0435\u0440\u0442\u0430\u0443", "cid": "kumertau", "rad": 6518}, "tallinn": {"lat": 59.433, "lon": 24.75, "wikipedia": "Tallinn", "city": "Tallinn"}, "fredericton": {"lat": 45.95, "lon": -66.667, "wikipedia": "Fredericton", "city": "Fredericton"}, "panamacity": {"lat": 8.983, "lon": -79.517, "wikipedia": "Panama_City", "city": "Panama City"}, "omsk": {"city": "\u041e\u043c\u0441\u043a", "lng": 73.368212, "lat": 54.989342, "cnm": "\u041e\u043c\u0441\u043a", "cid": "omsk", "rad": 10000}, "espoo": {"lat": 60.2, "lon": 24.65, "wikipedia": "Espoo", "city": "Espoo"}, "lyon": {"lat": 45.767, "lon": 4.833, "wikipedia": "Lyon", "city": "Lyon"}, "anchorage": {"lat": 61.217, "lon": -149.883, "wikipedia": "Anchorage,_Alaska", "city": "Anchorage"}, "srinagar": {"lat": 34.083, "lon": 74.783, "wikipedia": "Srinagar", "city": "Srinagar"}, "elabuga": {"city": "\u0415\u043b\u0430\u0431\u0443\u0433\u0430", "lng": 52.05446, "lat": 55.75667, "cnm": "\u0415\u043b\u0430\u0431\u0443\u0433\u0430", "cid": "elabuga", "rad": 7902}, "luxembourg": {"lat": 49.6, "lon": 6.117, "wikipedia": "Luxembourg_(city)", "city": "Luxembourg (city)"}, "kabul": {"lat": 34.533, "lon": 69.167, "wikipedia": "Kabul", "city": "Kabul"}, "kandy": {"lat": 7.283, "lon": 80.633, "wikipedia": "Kandy", "city": "Kandy"}, "gaziantep": {"lat": 37.067, "lon": 37.383, "wikipedia": "Gaziantep", "city": "Gaziantep"}, "novosibirsk": {"city": "\u041d\u043e\u0432\u043e\u0441\u0438\u0431\u0438\u0440\u0441\u043a", "lng": 82.92043, "lat": 55.030199, "cnm": "\u041d\u043e\u0432\u043e\u0441\u0438\u0431\u0438\u0440\u0441\u043a", "cid": "novosibirsk", "rad": 10000}, "noum%c3%a9a": {"lat": -22.267, "lon": 166.45, "wikipedia": "Noum%C3%A9a", "city": "Noum%C3%A9a"}, "bah%c3%adablanca": {"lat": -38.717, "lon": -62.267, "wikipedia": "Bah%C3%ADa_Blanca", "city": "Bah%C3%ADa Blanca"}, "nashville": {"lat": 36.167, "lon": -86.783, "wikipedia": "Nashville,_Tennessee", "city": "Nashville"}, "sarajevo": {"lat": 43.85, "lon": 18.35, "wikipedia": "Sarajevo", "city": "Sarajevo"}, "managua": {"lat": 12.133, "lon": -86.25, "wikipedia": "Managua", "city": "Managua"}, "sandiego": {"lat": 32.767, "lon": -117.15, "wikipedia": "San_Diego", "city": "San Diego"}, "damascus": {"lat": 33.5, "lon": 36.283, "wikipedia": "Damascus", "city": "Damascus"}, "invercargill": {"lat": -46.417, "lon": 168.3, "wikipedia": "Invercargill", "city": "Invercargill"}, "christchurch": {"lat": -43.533, "lon": 172.617, "wikipedia": "Christchurch", "city": "Christchurch"}, "miami": {"lat": 25.783, "lon": -80.217, "wikipedia": "Miami", "city": "Miami"}, "tijuana": {"lat": 32.517, "lon": -117.033, "wikipedia": "Tijuana", "city": "Tijuana"}, "portofspain": {"lat": 10.667, "lon": -61.517, "wikipedia": "Port_of_Spain", "city": "Port of Spain"}, "ottawa": {"lat": 45.417, "lon": -75.683, "wikipedia": "Ottawa", "city": "Ottawa"}, "iloilocity": {"lat": 10.683, "lon": 122.55, "wikipedia": "Iloilo_City", "city": "Iloilo City"}, "minsk": {"lat": 53.9, "lon": 27.567, "wikipedia": "Minsk", "city": "Minsk"}, "dongguan": {"lat": 23.033, "lon": 113.717, "wikipedia": "Dongguan", "city": "Dongguan"}, "wichita": {"lat": 37.683, "lon": -97.333, "wikipedia": "Wichita,_Kansas", "city": "Wichita"}, "hyderabad": {"lat": 17.367, "lon": 78.467, "wikipedia": "Hyderabad,_Andhra_Pradesh", "city": "Hyderabad"}, "okinawa": {"lat": 26.333, "lon": 127.8, "wikipedia": "Okinawa,_Okinawa", "city": "Okinawa"}, "barcelona": {"lat": 41.383, "lon": 2.183, "wikipedia": "Barcelona", "city": "Barcelona"}, "shanghai": {"lat": 31.2, "lon": 121.5, "wikipedia": "Shanghai", "city": "Shanghai"}, "zhengzhou": {"lat": 34.75, "lon": 113.633, "wikipedia": "Zhengzhou", "city": "Zhengzhou"}, "kotakinabalu": {"lat": 5.967, "lon": 116.083, "wikipedia": "Kota_Kinabalu", "city": "Kota Kinabalu"}, "yogyakarta": {"lat": -7.8, "lon": 110.367, "wikipedia": "Yogyakarta_(city)", "city": "Yogyakarta (city)"}, "palikir": {"lat": 6.917, "lon": 158.183, "wikipedia": "Palikir", "city": "Palikir"}, "padang": {"lat": -0.95, "lon": 100.35, "wikipedia": "Padang,_Indonesia", "city": "Padang"}, "st.george%27s": {"lat": 12.05, "lon": -61.75, "wikipedia": "St._George%27s,_Grenada", "city": "St. George%27s"}, "nevinnomissk": {"city": "\u041d\u0435\u0432\u0438\u043d\u043d\u043e\u043c\u044b\u0441\u0441\u043a", "lng": 41.936061, "lat": 44.638287, "cnm": "\u041d\u0435\u0432\u0438\u043d\u043d\u043e\u043c\u044b\u0441\u0441\u043a", "cid": "nevinnomissk", "rad": 7308}, "milan": {"lat": 45.467, "lon": 9.183, "wikipedia": "Milan", "city": "Milan"}, "ufa": {"city": "\u0423\u0444\u0430", "lng": 55.958727, "lat": 54.735147, "cnm": "\u0423\u0444\u0430", "cid": "ufa", "rad": 10000}, "suez": {"lat": 29.967, "lon": 32.55, "wikipedia": "Suez", "city": "Suez"}, "tegucigalpa": {"lat": 14.083, "lon": -87.217, "wikipedia": "Tegucigalpa", "city": "Tegucigalpa"}, "orehovo-zuevo": {"city": "\u041e\u0440\u0435\u0445\u043e\u0432\u043e-\u0417\u0443\u0435\u0432\u043e", "lng": 38.978349, "lat": 55.809034, "cnm": "\u041e\u0440\u0435\u0445\u043e\u0432\u043e-\u0417\u0443\u0435\u0432\u043e", "cid": "orehovo-zuevo", "rad": 6812}, "stuttgart": {"lat": 48.767, "lon": 9.167, "wikipedia": "Stuttgart", "city": "Stuttgart"}, "mal%c3%a9": {"lat": 4.167, "lon": 73.5, "wikipedia": "Mal%C3%A9", "city": "Mal%C3%A9"}, "phuket": {"lat": 7.883, "lon": 98.4, "wikipedia": "Phuket_(city)", "city": "Phuket (city)"}, "hamilton": {"lat": -37.783, "lon": 175.283, "wikipedia": "Hamilton,_New_Zealand", "city": "Hamilton"}, "abudhabi": {"lat": 24.467, "lon": 54.367, "wikipedia": "Abu_Dhabi", "city": "Abu Dhabi"}, "balikpapan": {"lat": -1.25, "lon": 116.817, "wikipedia": "Balikpapan", "city": "Balikpapan"}, "abuja": {"lat": 9.067, "lon": 7.483, "wikipedia": "Abuja", "city": "Abuja"}, "haiphong": {"lat": 20.85, "lon": 106.683, "wikipedia": "Hai_Phong", "city": "Hai Phong"}, "rockhampton": {"lat": -23.367, "lon": 150.5, "wikipedia": "Rockhampton", "city": "Rockhampton"}, "shillong": {"lat": 25.567, "lon": 91.883, "wikipedia": "Shillong", "city": "Shillong"}, "chelyabinsk": {"city": "\u0427\u0435\u043b\u044f\u0431\u0438\u043d\u0441\u043a", "lng": 61.40259, "lat": 55.160026, "cnm": "\u0427\u0435\u043b\u044f\u0431\u0438\u043d\u0441\u043a", "cid": "chelyabinsk", "rad": 10000}, "monrovia": {"lat": 6.317, "lon": -10.767, "wikipedia": "Monrovia", "city": "Monrovia"}, "riyadh": {"lat": 24.7, "lon": 46.717, "wikipedia": "Riyadh", "city": "Riyadh"}, "matautu": {"lat": -13.283, "lon": 176.183, "wikipedia": "Mata-Utu", "city": "Mata-Utu"}, "newcastle": {"lat": -32.917, "lon": 151.75, "wikipedia": "Newcastle,_New_South_Wales", "city": "Newcastle"}, "dammam": {"lat": 26.433, "lon": 50.117, "wikipedia": "Dammam", "city": "Dammam"}, "chi%c5%9fin%c4%83u": {"lat": 47.0, "lon": 28.867, "wikipedia": "Chi%C5%9Fin%C4%83u", "city": "Chi%C5%9Fin%C4%83u"}, "juneau": {"lat": 58.35, "lon": -134.5, "wikipedia": "Juneau,_Alaska", "city": "Juneau"}, "nagpur": {"lat": 21.067, "lon": 79.017, "wikipedia": "Nagpur", "city": "Nagpur"}, "ljubljana": {"lat": 46.067, "lon": 14.5, "wikipedia": "Ljubljana", "city": "Ljubljana"}, "portland": {"lat": 45.517, "lon": -122.667, "wikipedia": "Portland,_Oregon", "city": "Portland"}, "suratthani": {"lat": 9.133, "lon": 99.333, "wikipedia": "Surat_Thani", "city": "Surat Thani"}, "weno": {"lat": 7.45, "lon": 151.85, "wikipedia": "Weno", "city": "Weno"}, "berezniki": {"city": "\u0411\u0435\u0440\u0435\u0437\u043d\u0438\u043a\u0438", "lng": 56.804015, "lat": 59.407922, "cnm": "\u0411\u0435\u0440\u0435\u0437\u043d\u0438\u043a\u0438", "cid": "berezniki", "rad": 10000}, "puntaarenas": {"lat": -53.167, "lon": -70.933, "wikipedia": "Punta_Arenas,_Chile", "city": "Punta Arenas"}, "capetown": {"lat": -33.917, "lon": 18.417, "wikipedia": "Cape_Town", "city": "Cape Town"}, "kaesong": {"lat": 37.967, "lon": 126.55, "wikipedia": "Kaesong", "city": "Kaesong"}, "cairns": {"lat": -16.917, "lon": 145.767, "wikipedia": "Cairns", "city": "Cairns"}, "bridgetown": {"lat": 13.083, "lon": -59.617, "wikipedia": "Bridgetown", "city": "Bridgetown"}, "d%c3%bcsseldorf": {"lat": 51.233, "lon": 6.783, "wikipedia": "D%C3%BCsseldorf", "city": "D%C3%BCsseldorf"}, "chehov": {"city": "\u0427\u0435\u0445\u043e\u0432", "lng": 37.466997, "lat": 55.149851, "cnm": "\u0427\u0435\u0445\u043e\u0432", "cid": "chehov", "rad": 4561}, "lucknow": {"lat": 26.85, "lon": 80.917, "wikipedia": "Lucknow", "city": "Lucknow"}, "reutov": {"city": "\u0420\u0435\u0443\u0442\u043e\u0432", "lng": 37.855141, "lat": 55.760515, "cnm": "\u0420\u0435\u0443\u0442\u043e\u0432", "cid": "reutov", "rad": 3129}, "t%c3%b3rshavn": {"lat": 62.0, "lon": -6.783, "wikipedia": "T%C3%B3rshavn", "city": "T%C3%B3rshavn"}, "bilbao": {"lat": 43.25, "lon": -2.917, "wikipedia": "Bilbao", "city": "Bilbao"}, "kingstown": {"lat": 13.167, "lon": -61.233, "wikipedia": "Kingstown", "city": "Kingstown"}, "yelets": {"city": "\u0415\u043b\u0435\u0446", "lng": 38.499943, "lat": 52.619302, "cnm": "\u0415\u043b\u0435\u0446", "cid": "yelets", "rad": 7462}, "rabiisland": {"lat": 3.133, "lon": -12.05, "wikipedia": "Rabi_Island", "city": "Rabi Island"}, "santacruzdetenerife": {"lat": 28.467, "lon": -16.25, "wikipedia": "Santa_Cruz_de_Tenerife", "city": "Santa Cruz de Tenerife"}, "nizhny-novgorod": {"city": "\u041d\u0438\u0436\u043d\u0438\u0439 \u041d\u043e\u0432\u0433\u043e\u0440\u043e\u0434", "lng": 44.005986, "lat": 56.326887, "cnm": "\u041d\u0438\u0436\u043d\u0438\u0439 \u041d\u043e\u0432\u0433\u043e\u0440\u043e\u0434", "cid": "nizhny-novgorod", "rad": 10000}, "uhta": {"city": "\u0423\u0445\u0442\u0430", "lng": 53.684022, "lat": 63.562626, "cnm": "\u0423\u0445\u0442\u0430", "cid": "uhta", "rad": 10000}, "riverside": {"lat": 33.933, "lon": -117.383, "wikipedia": "Riverside,_California", "city": "Riverside"}, "brikama": {"lat": 13.267, "lon": -16.65, "wikipedia": "Brikama", "city": "Brikama"}, "tunis": {"lat": 36.8, "lon": 10.167, "wikipedia": "Tunis", "city": "Tunis"}, "ust-ilimsk": {"city": "\u0423\u0441\u0442\u044c-\u0418\u043b\u0438\u043c\u0441\u043a", "lng": 102.741523, "lat": 57.943039, "cnm": "\u0423\u0441\u0442\u044c-\u0418\u043b\u0438\u043c\u0441\u043a", "cid": "ust-ilimsk", "rad": 10000}, "%c3%9cr%c3%bcmqi": {"lat": 43.8, "lon": 87.583, "wikipedia": "%C3%9Cr%C3%BCmqi", "city": "%C3%9Cr%C3%BCmqi"}, "macau": {"lat": 22.167, "lon": 113.55, "wikipedia": "Macau", "city": "Macau"}, "krasnodar": {"city": "\u041a\u0440\u0430\u0441\u043d\u043e\u0434\u0430\u0440", "lng": 38.975996, "lat": 45.040216, "cnm": "\u041a\u0440\u0430\u0441\u043d\u043e\u0434\u0430\u0440", "cid": "krasnodar", "rad": 10000}, "concepci%c3%b3n": {"lat": -36.833, "lon": -73.05, "wikipedia": "Concepci%C3%B3n,_Chile", "city": "Concepci%C3%B3n"}, "fairbanks": {"lat": 64.833, "lon": -147.7, "wikipedia": "Fairbanks,_Alaska", "city": "Fairbanks"}, "cayenne": {"lat": 4.917, "lon": -52.317, "wikipedia": "Cayenne", "city": "Cayenne"}, "bangkok": {"lat": 13.75, "lon": 100.483, "wikipedia": "Bangkok", "city": "Bangkok"}, "charlottetown": {"lat": 46.233, "lon": -63.133, "wikipedia": "Charlottetown", "city": "Charlottetown"}, "fukuoka": {"lat": 33.583, "lon": 130.4, "wikipedia": "Fukuoka", "city": "Fukuoka"}, "kunming": {"lat": 25.067, "lon": 102.683, "wikipedia": "Kunming", "city": "Kunming"}, "yokohama": {"lat": 35.45, "lon": 139.633, "wikipedia": "Yokohama", "city": "Yokohama"}, "lagos": {"lat": 6.45, "lon": 3.383, "wikipedia": "Lagos", "city": "Lagos"}, "innsbruck": {"lat": 47.267, "lon": 11.383, "wikipedia": "Innsbruck", "city": "Innsbruck"}, "paris": {"lat": 48.867, "lon": 2.333, "wikipedia": "Paris", "city": "Paris"}, "boavista": {"lat": 2.817, "lon": -60.65, "wikipedia": "Boa_Vista,_Roraima", "city": "Boa Vista"}, "edinburgh": {"lat": 55.95, "lon": -3.15, "wikipedia": "Edinburgh", "city": "Edinburgh"}, "busan": {"lat": 35.1, "lon": 129.033, "wikipedia": "Busan", "city": "Busan"}, "elpaso": {"lat": 31.783, "lon": -106.417, "wikipedia": "El_Paso,_Texas", "city": "El Paso"}, "nanjing": {"lat": 32.05, "lon": 118.767, "wikipedia": "Nanjing", "city": "Nanjing"}, "labasa": {"lat": -16.433, "lon": 179.367, "wikipedia": "Labasa", "city": "Labasa"}, "townsville": {"lat": -19.25, "lon": 146.817, "wikipedia": "Townsville", "city": "Townsville"}, "cardiff": {"lat": 51.483, "lon": -3.183, "wikipedia": "Cardiff", "city": "Cardiff"}, "chennai": {"lat": 13.083, "lon": 80.267, "wikipedia": "Chennai", "city": "Chennai"}, "xining": {"lat": 36.633, "lon": 101.767, "wikipedia": "Xining", "city": "Xining"}, "gaza": {"lat": 31.517, "lon": 34.45, "wikipedia": "Gaza", "city": "Gaza"}, "hilo": {"lat": 19.7, "lon": -155.1, "wikipedia": "Hilo,_Hawaii", "city": "Hilo"}, "houston": {"lat": 29.75, "lon": -95.367, "wikipedia": "Houston", "city": "Houston"}, "canberra": {"lat": -35.3, "lon": 149.117, "wikipedia": "Canberra", "city": "Canberra"}, "minneapolis": {"lat": 44.967, "lon": -93.25, "wikipedia": "Minneapolis", "city": "Minneapolis"}, "portvila": {"lat": -17.75, "lon": 168.3, "wikipedia": "Port_Vila", "city": "Port Vila"}, "pontianak": {"lat": 0.0, "lon": 109.333, "wikipedia": "Pontianak,_Indonesia", "city": "Pontianak"}, "belizecity": {"lat": 17.483, "lon": -88.183, "wikipedia": "Belize_City", "city": "Belize City"}, "jamestown": {"lat": -15.917, "lon": -5.733, "wikipedia": "Jamestown,_Saint_Helena", "city": "Jamestown"}, "santodomingo": {"lat": 18.483, "lon": -69.917, "wikipedia": "Santo_Domingo", "city": "Santo Domingo"}, "zanzibarcity": {"lat": -6.167, "lon": 39.2, "wikipedia": "Zanzibar_City", "city": "Zanzibar City"}, "manchester": {"lat": 53.467, "lon": -2.233, "wikipedia": "Manchester", "city": "Manchester"}, "naypyidaw": {"lat": 19.75, "lon": 96.1, "wikipedia": "Naypyidaw", "city": "Naypyidaw"}, "mexicocity": {"lat": 19.4, "lon": -99.117, "wikipedia": "Mexico_City", "city": "Mexico City"}, "leipzig": {"lat": 51.333, "lon": 12.383, "wikipedia": "Leipzig", "city": "Leipzig"}, "kotlas": {"city": "\u041a\u043e\u0442\u043b\u0430\u0441", "lng": 46.633217, "lat": 61.25297, "cnm": "\u041a\u043e\u0442\u043b\u0430\u0441", "cid": "kotlas", "rad": 7936}, "shijiazhuang": {"lat": 38.033, "lon": 114.5, "wikipedia": "Shijiazhuang", "city": "Shijiazhuang"}, "lisbon": {"lat": 38.7, "lon": -9.183, "wikipedia": "Lisbon", "city": "Lisbon"}, "barranquilla": {"lat": 10.95, "lon": -74.783, "wikipedia": "Barranquilla", "city": "Barranquilla"}, "valpara%c3%adso": {"lat": -33.05, "lon": -71.617, "wikipedia": "Valpara%C3%ADso", "city": "Valpara%C3%ADso"}, "puertowilliams": {"lat": 54.933, "lon": -67.617, "wikipedia": "Puerto_Williams", "city": "Puerto Williams"}, "mbabane": {"lat": -26.317, "lon": 31.133, "wikipedia": "Mbabane", "city": "Mbabane"}, "willemstad": {"lat": 12.117, "lon": -68.933, "wikipedia": "Willemstad", "city": "Willemstad"}, "saintpierre": {"lat": 46.767, "lon": -56.167, "wikipedia": "Saint-Pierre,_Saint_Pierre_and_Miquelon", "city": "Saint-Pierre"}, "nuuk": {"lat": 64.167, "lon": -51.75, "wikipedia": "Nuuk", "city": "Nuuk"}, "%c4%b0zmir": {"lat": 38.433, "lon": 27.15, "wikipedia": "%C4%B0zmir", "city": "%C4%B0zmir"}, "porto": {"lat": 41.15, "lon": -8.633, "wikipedia": "Porto", "city": "Porto"}, "banjul": {"lat": 13.45, "lon": -16.567, "wikipedia": "Banjul", "city": "Banjul"}, "whitehorse": {"lat": 60.717, "lon": -135.05, "wikipedia": "Whitehorse,_Yukon", "city": "Whitehorse"}, "chu%c3%ad": {"lat": -33.683, "lon": -53.45, "wikipedia": "Chu%C3%AD", "city": "Chu%C3%AD"}, "abidjan": {"lat": 5.333, "lon": -4.017, "wikipedia": "Abidjan", "city": "Abidjan"}, "novotroitsk": {"city": "\u041d\u043e\u0432\u043e\u0442\u0440\u043e\u0438\u0446\u043a", "lng": 58.30174, "lat": 51.196445, "cnm": "\u041d\u043e\u0432\u043e\u0442\u0440\u043e\u0438\u0446\u043a", "cid": "novotroitsk", "rad": 6136}, "longyearbyen": {"lat": 78.217, "lon": 15.55, "wikipedia": "Longyearbyen", "city": "Longyearbyen"}, "asunci%c3%b3n": {"lat": -25.267, "lon": -57.667, "wikipedia": "Asunci%C3%B3n", "city": "Asunci%C3%B3n"}, "vienna": {"lat": 48.2, "lon": 16.367, "wikipedia": "Vienna", "city": "Vienna"}, "sanfernando": {"lat": 10.283, "lon": -61.467, "wikipedia": "San_Fernando,_Trinidad_and_Tobago", "city": "San Fernando"}, "assis": {"lat": -22.65, "lon": -50.4, "wikipedia": "Assis", "city": "Assis"}, "daegu": {"lat": 35.867, "lon": 128.6, "wikipedia": "Daegu", "city": "Daegu"}, "pagopago": {"lat": -14.267, "lon": -170.7, "wikipedia": "Pago_Pago", "city": "Pago Pago"}, "doha": {"lat": 25.283, "lon": 51.533, "wikipedia": "Doha", "city": "Doha"}, "taganrog": {"city": "\u0422\u0430\u0433\u0430\u043d\u0440\u043e\u0433", "lng": 38.935194, "lat": 47.20958, "cnm": "\u0422\u0430\u0433\u0430\u043d\u0440\u043e\u0433", "cid": "taganrog", "rad": 10000}, "portonovo": {"lat": 6.5, "lon": 2.6, "wikipedia": "Porto-Novo", "city": "Porto-Novo"}, "blantyre": {"lat": -15.783, "lon": 35.0, "wikipedia": "Blantyre,_Malawi", "city": "Blantyre"}, "krak%c3%b3w": {"lat": 50.05, "lon": 19.933, "wikipedia": "Krak%C3%B3w", "city": "Krak%C3%B3w"}, "greenwich": {"lat": 51.467, "lon": -0.0, "wikipedia": "Greenwich", "city": "Greenwich"}, "lhasa": {"lat": 29.65, "lon": 91.117, "wikipedia": "Lhasa", "city": "Lhasa"}, "jeddah": {"lat": 21.533, "lon": 39.167, "wikipedia": "Jeddah", "city": "Jeddah"}, "guwahati": {"lat": 26.167, "lon": 91.767, "wikipedia": "Guwahati", "city": "Guwahati"}, "bujumbura": {"lat": -3.383, "lon": 29.367, "wikipedia": "Bujumbura", "city": "Bujumbura"}, "macap%c3%a1": {"lat": 0.033, "lon": -51.05, "wikipedia": "Macap%C3%A1", "city": "Macap%C3%A1"}, "paramaribo": {"lat": 5.867, "lon": -55.167, "wikipedia": "Paramaribo", "city": "Paramaribo"}, "portauprince": {"lat": 18.533, "lon": -72.333, "wikipedia": "Port-au-Prince", "city": "Port-au-Prince"}, "indianapolis": {"lat": 39.783, "lon": -86.15, "wikipedia": "Indianapolis", "city": "Indianapolis"}, "hag%c3%a5t%c3%b1a": {"lat": 13.483, "lon": 144.75, "wikipedia": "Hag%C3%A5t%C3%B1a,_Guam", "city": "Hag%C3%A5t%C3%B1a"}, "kharkiv": {"lat": 49.917, "lon": 36.317, "wikipedia": "Kharkiv", "city": "Kharkiv"}, "iqaluit": {"lat": 63.75, "lon": -68.517, "wikipedia": "Iqaluit", "city": "Iqaluit"}, "kaliningrad": {"lat": 54.717, "lon": 20.517, "wikipedia": "Kaliningrad", "city": "Kaliningrad"}, "kropotkin": {"city": "\u041a\u0440\u043e\u043f\u043e\u0442\u043a\u0438\u043d", "lng": 40.575994, "lat": 45.434686, "cnm": "\u041a\u0440\u043e\u043f\u043e\u0442\u043a\u0438\u043d", "cid": "kropotkin", "rad": 4915}, "mersin": {"lat": 36.8, "lon": 34.633, "wikipedia": "Mersin", "city": "Mersin"}, "portlouis": {"lat": -20.167, "lon": 57.5, "wikipedia": "Port_Louis", "city": "Port Louis"}, "santiago": {"lat": -33.45, "lon": -70.667, "wikipedia": "Santiago,_Chile", "city": "Santiago"}, "ashgabat": {"lat": 37.967, "lon": 58.333, "wikipedia": "Ashgabat", "city": "Ashgabat"}, "yaound%c3%a9": {"lat": 3.867, "lon": 11.517, "wikipedia": "Yaound%C3%A9", "city": "Yaound%C3%A9"}, "yaroslavl": {"city": "\u042f\u0440\u043e\u0441\u043b\u0430\u0432\u043b\u044c", "lng": 39.893885, "lat": 57.626549, "cnm": "\u042f\u0440\u043e\u0441\u043b\u0430\u0432\u043b\u044c", "cid": "yaroslavl", "rad": 10000}, "multan": {"lat": 30.2, "lon": 71.45, "wikipedia": "Multan", "city": "Multan"}, "cityofsanmarino": {"lat": 43.933, "lon": 12.433, "wikipedia": "City_of_San_Marino", "city": "City of San Marino"}, "puebla": {"lat": 19.05, "lon": -98.2, "wikipedia": "Puebla,_Puebla", "city": "Puebla"}, "thessaloniki": {"lat": 40.633, "lon": 22.95, "wikipedia": "Thessaloniki", "city": "Thessaloniki"}, "zamboangacity": {"lat": 6.9, "lon": 122.067, "wikipedia": "Zamboanga_City", "city": "Zamboanga City"}, "regina": {"lat": 50.433, "lon": -104.617, "wikipedia": "Regina,_Saskatchewan", "city": "Regina"}, "pekanbaru": {"lat": 0.533, "lon": 101.45, "wikipedia": "Pekanbaru", "city": "Pekanbaru"}, "cincinnati": {"lat": 39.133, "lon": -84.5, "wikipedia": "Cincinnati", "city": "Cincinnati"}, "dibrugarh": {"lat": 27.467, "lon": 94.9, "wikipedia": "Dibrugarh", "city": "Dibrugarh"}, "jerseycity": {"lat": 41.433, "lon": -74.133, "wikipedia": "Jersey_City,_New_Jersey", "city": "Jersey City"}, "saintpetersburg": {"lat": 59.933, "lon": 30.333, "wikipedia": "Saint_Petersburg", "city": "Saint Petersburg"}, "skopje": {"lat": 42.0, "lon": 21.433, "wikipedia": "Skopje", "city": "Skopje"}, "bern": {"lat": 46.95, "lon": 7.45, "wikipedia": "Bern", "city": "Bern"}, "namangan": {"lat": 41.633, "lon": 71.967, "wikipedia": "Namangan", "city": "Namangan"}, "southtarawa": {"lat": 1.317, "lon": 172.983, "wikipedia": "South_Tarawa", "city": "South Tarawa"}, "tula": {"city": "\u0422\u0443\u043b\u0430", "lng": 37.617752, "lat": 54.193033, "cnm": "\u0422\u0443\u043b\u0430", "cid": "tula", "rad": 10000}, "portelizabeth": {"lat": -33.95, "lon": 25.6, "wikipedia": "Port_Elizabeth", "city": "Port Elizabeth"}, "cologne": {"lat": 50.95, "lon": 6.967, "wikipedia": "Cologne", "city": "Cologne"}, "rosario": {"lat": -32.95, "lon": -60.667, "wikipedia": "Rosario,_Santa_Fe", "city": "Rosario"}, "makassar": {"lat": -5.133, "lon": 119.417, "wikipedia": "Makassar", "city": "Makassar"}, "toronto": {"lat": 43.65, "lon": -79.383, "wikipedia": "Toronto", "city": "Toronto"}, "lima": {"lat": -12.033, "lon": -77.017, "wikipedia": "Lima", "city": "Lima"}, "guayaquil": {"lat": 2.183, "lon": -79.883, "wikipedia": "Guayaquil", "city": "Guayaquil"}, "raleigh": {"lat": 35.817, "lon": -78.633, "wikipedia": "Raleigh,_North_Carolina", "city": "Raleigh"}, "guatemalacity": {"lat": 14.633, "lon": -90.55, "wikipedia": "Guatemala_City", "city": "Guatemala City"}, "cartagena": {"lat": 10.4, "lon": -75.5, "wikipedia": "Cartagena,_Colombia", "city": "Cartagena"}, "yakutsk": {"lat": 62.033, "lon": 129.733, "wikipedia": "Yakutsk", "city": "Yakutsk"}, "hargeisa": {"lat": 9.5, "lon": 44.0, "wikipedia": "Hargeisa", "city": "Hargeisa"}, "prague": {"lat": 50.083, "lon": 14.417, "wikipedia": "Prague", "city": "Prague"}, "antofagasta": {"lat": -23.65, "lon": -70.4, "wikipedia": "Antofagasta", "city": "Antofagasta"}, "shigatse": {"lat": 29.267, "lon": 88.867, "wikipedia": "Shigatse", "city": "Shigatse"}, "denver": {"lat": 39.733, "lon": -104.983, "wikipedia": "Denver", "city": "Denver"}, "rostov-na-donu": {"city": "\u0420\u043e\u0441\u0442\u043e\u0432-\u043d\u0430-\u0414\u043e\u043d\u0443", "lng": 39.718705, "lat": 47.222531, "cnm": "\u0420\u043e\u0441\u0442\u043e\u0432-\u043d\u0430-\u0414\u043e\u043d\u0443", "cid": "rostov-na-donu", "rad": 10000}, "muscat": {"lat": 23.6, "lon": 58.533, "wikipedia": "Muscat,_Oman", "city": "Muscat"}, "albuquerque": {"lat": 35.1, "lon": -106.6, "wikipedia": "Albuquerque,_New_Mexico", "city": "Albuquerque"}, "nanning": {"lat": 22.817, "lon": 108.317, "wikipedia": "Nanning", "city": "Nanning"}, "cebucity": {"lat": 10.283, "lon": 123.9, "wikipedia": "Cebu_City", "city": "Cebu City"}, "yekaterinburg": {"city": "\u0415\u043a\u0430\u0442\u0435\u0440\u0438\u043d\u0431\u0443\u0440\u0433", "lng": 60.605514, "lat": 56.838607, "cnm": "\u0415\u043a\u0430\u0442\u0435\u0440\u0438\u043d\u0431\u0443\u0440\u0433", "cid": "yekaterinburg", "rad": 10000}, "siemreap": {"lat": 13.35, "lon": 103.85, "wikipedia": "Siem_Reap", "city": "Siem Reap"}, "saint-petersburg": {"city": "\u0421\u0430\u043d\u043a\u0442-\u041f\u0435\u0442\u0435\u0440\u0431\u0443\u0440\u0433", "lng": 30.315868, "lat": 59.939095, "cnm": "\u0421\u0430\u043d\u043a\u0442-\u041f\u0435\u0442\u0435\u0440\u0431\u0443\u0440\u0433", "cid": "saint-petersburg", "rad": 10000}, "hongkong": {"lat": 22.3, "lon": 114.2, "wikipedia": "Hong Kong", "city": "Hong Kong"}, "bataysk": {"city": "\u0411\u0430\u0442\u0430\u0439\u0441\u043a", "lng": 39.750748, "lat": 47.138235, "cnm": "\u0411\u0430\u0442\u0430\u0439\u0441\u043a", "cid": "bataysk", "rad": 9400}, "brussels": {"lat": 50.833, "lon": 4.35, "wikipedia": "Brussels", "city": "Brussels"}, "karachi": {"lat": 24.85, "lon": 67.0, "wikipedia": "Karachi", "city": "Karachi"}, "gatchina": {"city": "\u0413\u0430\u0442\u0447\u0438\u043d\u0430", "lng": 30.128165, "lat": 59.565155, "cnm": "\u0413\u0430\u0442\u0447\u0438\u043d\u0430", "cid": "gatchina", "rad": 7735}, "yangon": {"lat": 16.8, "lon": 96.167, "wikipedia": "Yangon", "city": "Yangon"}, "phoenix": {"lat": 33.433, "lon": -112.067, "wikipedia": "Phoenix,_Arizona", "city": "Phoenix"}, "freetown": {"lat": 8.467, "lon": -13.267, "wikipedia": "Freetown", "city": "Freetown"}, "naples": {"lat": 40.833, "lon": 14.25, "wikipedia": "Naples", "city": "Naples"}, "chiangmai": {"lat": 18.783, "lon": 98.983, "wikipedia": "Chiang_Mai", "city": "Chiang Mai"}, "mendoza": {"lat": -32.883, "lon": -68.817, "wikipedia": "Mendoza,_Argentina", "city": "Mendoza"}, "minusinsk": {"city": "\u041c\u0438\u043d\u0443\u0441\u0438\u043d\u0441\u043a", "lng": 91.687268, "lat": 53.710564, "cnm": "\u041c\u0438\u043d\u0443\u0441\u0438\u043d\u0441\u043a", "cid": "minusinsk", "rad": 9585}, "naberezhnie-chelny": {"city": "\u041d\u0430\u0431\u0435\u0440\u0435\u0436\u043d\u044b\u0435 \u0427\u0435\u043b\u043d\u044b", "lng": 52.39582, "lat": 55.743553, "cnm": "\u041d\u0430\u0431\u0435\u0440\u0435\u0436\u043d\u044b\u0435 \u0427\u0435\u043b\u043d\u044b", "cid": "naberezhnie-chelny", "rad": 10000}, "podgorica": {"lat": 42.467, "lon": 19.267, "wikipedia": "Podgorica", "city": "Podgorica"}, "milwaukee": {"lat": 47.05, "lon": -87.95, "wikipedia": "Milwaukee", "city": "Milwaukee"}, "beirut": {"lat": 33.883, "lon": 35.5, "wikipedia": "Beirut", "city": "Beirut"}, "liverpool": {"lat": 53.4, "lon": -2.983, "wikipedia": "Liverpool", "city": "Liverpool"}, "rotterdam": {"lat": 51.933, "lon": 4.467, "wikipedia": "Rotterdam", "city": "Rotterdam"}, "vilnius": {"lat": 54.683, "lon": 25.283, "wikipedia": "Vilnius", "city": "Vilnius"}, "kuwaitcity": {"lat": 29.367, "lon": 47.967, "wikipedia": "Kuwait_City", "city": "Kuwait City"}, "belgrade": {"lat": 44.817, "lon": 20.45, "wikipedia": "Belgrade", "city": "Belgrade"}, "gothenburg": {"lat": 57.7, "lon": 11.967, "wikipedia": "Gothenburg", "city": "Gothenburg"}, "colombo": {"lat": 6.883, "lon": 79.867, "wikipedia": "Colombo", "city": "Colombo"}, "adelaide": {"lat": -34.917, "lon": 138.6, "wikipedia": "Adelaide", "city": "Adelaide"}, "seville": {"lat": 37.367, "lon": -5.983, "wikipedia": "Seville", "city": "Seville"}, "sanfrancisco": {"lat": 37.767, "lon": -122.417, "wikipedia": "San_Francisco", "city": "San Francisco"}, "bishkek": {"lat": 42.867, "lon": 74.6, "wikipedia": "Bishkek", "city": "Bishkek"}, "bamako": {"lat": 12.65, "lon": -8.0, "wikipedia": "Bamako", "city": "Bamako"}, "anadyr": {"lat": 64.733, "lon": 177.5, "wikipedia": "Anadyr_(town)", "city": "Anadyr (town)"}, "mogadishu": {"lat": 2.033, "lon": 45.35, "wikipedia": "Mogadishu", "city": "Mogadishu"}, "bratislava": {"lat": 48.133, "lon": 17.1, "wikipedia": "Bratislava", "city": "Bratislava"}, "pittsburgh": {"lat": 40.433, "lon": -79.967, "wikipedia": "Pittsburgh", "city": "Pittsburgh"}, "gibraltar": {"lat": 36.133, "lon": -5.35, "wikipedia": "Gibraltar", "city": "Gibraltar"}, "campogrande": {"lat": -20.433, "lon": -54.633, "wikipedia": "Campo_Grande", "city": "Campo Grande"}, "washington": {"lat": 38.883, "lon": -77.033, "wikipedia": "Washington,_D.C.", "city": "Washington"}, "monaco": {"lat": 43.733, "lon": 7.4, "wikipedia": "Monaco", "city": "Monaco"}, "vientiane": {"lat": 17.95, "lon": 102.617, "wikipedia": "Vientiane", "city": "Vientiane"}, "campinas": {"lat": -22.9, "lon": -47.05, "wikipedia": "Campinas", "city": "Campinas"}, "melekeok": {"lat": 7.5, "lon": 134.617, "wikipedia": "Melekeok", "city": "Melekeok"}, "munich": {"lat": 48.133, "lon": 11.567, "wikipedia": "Munich", "city": "Munich"}, "hangzhou": {"lat": 30.25, "lon": 120.167, "wikipedia": "Hangzhou", "city": "Hangzhou"}, "saransk": {"city": "\u0421\u0430\u0440\u0430\u043d\u0441\u043a", "lng": 45.183642, "lat": 54.187211, "cnm": "\u0421\u0430\u0440\u0430\u043d\u0441\u043a", "cid": "saransk", "rad": 9333}, "quetzaltenango": {"lat": 14.833, "lon": -91.517, "wikipedia": "Quetzaltenango", "city": "Quetzaltenango"}, "murom": {"city": "\u041c\u0443\u0440\u043e\u043c", "lng": 42.052411, "lat": 55.579169, "cnm": "\u041c\u0443\u0440\u043e\u043c", "cid": "murom", "rad": 6838}, "arequipa": {"lat": -16.4, "lon": -71.533, "wikipedia": "Arequipa", "city": "Arequipa"}, "z%c3%bcrich": {"lat": 47.367, "lon": 8.55, "wikipedia": "Z%C3%BCrich", "city": "Z%C3%BCrich"}, "rome": {"lat": 41.9, "lon": 12.5, "wikipedia": "Rome", "city": "Rome"}, "marseille": {"lat": 43.3, "lon": 5.367, "wikipedia": "Marseille", "city": "Marseille"}, "stockholm": {"lat": 59.35, "lon": 18.067, "wikipedia": "Stockholm", "city": "Stockholm"}, "oranjestad": {"lat": 12.517, "lon": -70.033, "wikipedia": "Oranjestad,_Aruba", "city": "Oranjestad"}, "ilh%c3%a9us": {"lat": -14.783, "lon": -39.05, "wikipedia": "Ilh%C3%A9us", "city": "Ilh%C3%A9us"}, "kathmandu": {"lat": 27.7, "lon": 85.333, "wikipedia": "Kathmandu", "city": "Kathmandu"}, "lanzhou": {"lat": 36.033, "lon": 103.8, "wikipedia": "Lanzhou", "city": "Lanzhou"}, "ankara": {"lat": 39.867, "lon": 32.833, "wikipedia": "Ankara", "city": "Ankara"}, "riga": {"lat": 56.967, "lon": 24.133, "wikipedia": "Riga", "city": "Riga"}, "bras%c3%adlia": {"lat": -15.8, "lon": -47.9, "wikipedia": "Bras%C3%ADlia", "city": "Bras%C3%ADlia"}, "chaguanas": {"lat": 10.5, "lon": -61.383, "wikipedia": "Chaguanas", "city": "Chaguanas"}, "lisky": {"city": "\u041b\u0438\u0441\u043a\u0438", "lng": 39.497764, "lat": 50.986969, "cnm": "\u041b\u0438\u0441\u043a\u0438", "cid": "lisky", "rad": 7247}, "chongjin": {"lat": 41.8, "lon": 129.783, "wikipedia": "Chongjin", "city": "Chongjin"}, "kineshma": {"city": "\u041a\u0438\u043d\u0435\u0448\u043c\u0430", "lng": 42.168923, "lat": 57.442544, "cnm": "\u041a\u0438\u043d\u0435\u0448\u043c\u0430", "cid": "kineshma", "rad": 7508}, "andorralavella": {"lat": 42.5, "lon": 1.5, "wikipedia": "Andorra_la_Vella", "city": "Andorra la Vella"}, "bangui": {"lat": 4.35, "lon": 18.583, "wikipedia": "Bangui", "city": "Bangui"}, "nantes": {"lat": 47.217, "lon": -1.55, "wikipedia": "Nantes", "city": "Nantes"}, "elaai%c3%ban": {"lat": 27.15, "lon": -13.2, "wikipedia": "El_Aai%C3%BAn", "city": "El Aai%C3%BAn"}, "magadan": {"city": "\u041c\u0430\u0433\u0430\u0434\u0430\u043d", "lng": 150.808541, "lat": 59.568164, "cnm": "\u041c\u0430\u0433\u0430\u0434\u0430\u043d", "cid": "magadan", "rad": 10000}, "vladivostok": {"lat": 43.133, "lon": 131.9, "wikipedia": "Vladivostok", "city": "Vladivostok"}, "portovelho": {"lat": -8.75, "lon": -63.9, "wikipedia": "Porto_Velho", "city": "Porto Velho"}, "chihuahua": {"lat": 28.1, "lon": -106.0, "wikipedia": "Chihuahua,_Chihuahua", "city": "Chihuahua"}, "timbuktu": {"lat": 16.767, "lon": -3.0, "wikipedia": "Timbuktu", "city": "Timbuktu"}, "dublin": {"lat": 53.333, "lon": -6.267, "wikipedia": "Dublin", "city": "Dublin"}, "honolulu": {"lat": 21.3, "lon": -157.817, "wikipedia": "Honolulu", "city": "Honolulu"}, "basseterre": {"lat": 15.983, "lon": -61.717, "wikipedia": "Basse-Terre", "city": "Basse-Terre"}, "s%c3%a3otom%c3%a9": {"lat": 0.333, "lon": 6.683, "wikipedia": "S%C3%A3o_Tom%C3%A9", "city": "S%C3%A3o Tom%C3%A9"}, "ndola": {"lat": -12.967, "lon": 28.633, "wikipedia": "Ndola", "city": "Ndola"}, "valletta": {"lat": 35.9, "lon": 14.5, "wikipedia": "Valletta", "city": "Valletta"}, "chongqing": {"lat": 29.55, "lon": 106.5, "wikipedia": "Chongqing", "city": "Chongqing"}, "santiagodecuba": {"lat": 20.017, "lon": -75.8, "wikipedia": "Santiago_de_Cuba", "city": "Santiago de Cuba"}, "tiraspol": {"lat": 46.85, "lon": 29.633, "wikipedia": "Tiraspol", "city": "Tiraspol"}, "dallas": {"lat": 32.767, "lon": -96.8, "wikipedia": "Dallas", "city": "Dallas"}, "novokuibishevsk": {"city": "\u041d\u043e\u0432\u043e\u043a\u0443\u0439\u0431\u044b\u0448\u0435\u0432\u0441\u043a", "lng": 49.947767, "lat": 53.099469, "cnm": "\u041d\u043e\u0432\u043e\u043a\u0443\u0439\u0431\u044b\u0448\u0435\u0432\u0441\u043a", "cid": "novokuibishevsk", "rad": 10000}, "tabriz": {"lat": 38.083, "lon": 46.283, "wikipedia": "Tabriz", "city": "Tabriz"}, "moroni": {"lat": -11.75, "lon": 43.2, "wikipedia": "Moroni,_Comoros", "city": "Moroni"}, "gangtok": {"lat": 27.317, "lon": 88.617, "wikipedia": "Gangtok", "city": "Gangtok"}, "antananarivo": {"lat": -18.933, "lon": 47.517, "wikipedia": "Antananarivo", "city": "Antananarivo"}, "astana": {"lat": 51.183, "lon": 71.45, "wikipedia": "Astana", "city": "Astana"}, "papeete": {"lat": -17.533, "lon": -149.567, "wikipedia": "Papeete", "city": "Papeete"}, "lobamba": {"lat": -26.467, "lon": 31.2, "wikipedia": "Lobamba", "city": "Lobamba"}, "manila": {"lat": 14.583, "lon": 120.967, "wikipedia": "Manila", "city": "Manila"}, "francistown": {"lat": -21.167, "lon": 27.5, "wikipedia": "Francistown", "city": "Francistown"}, "vaticancity": {"lat": 41.9, "lon": 12.45, "wikipedia": "Vatican_City", "city": "Vatican City"}, "sucre": {"lat": -19.033, "lon": -65.25, "wikipedia": "Sucre", "city": "Sucre"}, "georgetown": {"lat": 5.417, "lon": 100.317, "wikipedia": "George_Town,_Penang", "city": "George Town"}, "konya": {"lat": 37.867, "lon": 32.483, "wikipedia": "Konya", "city": "Konya"}, "zapopan": {"lat": 20.767, "lon": -103.4, "wikipedia": "Zapopan,_Jalisco", "city": "Zapopan"}, "baghdad": {"lat": 33.317, "lon": 44.417, "wikipedia": "Baghdad", "city": "Baghdad"}, "saintjohn": {"lat": 45.267, "lon": -66.05, "wikipedia": "Saint_John,_New_Brunswick", "city": "Saint John"}, "jayapura": {"lat": -2.533, "lon": 140.717, "wikipedia": "Jayapura", "city": "Jayapura"}, "kigali": {"lat": -1.933, "lon": 30.05, "wikipedia": "Kigali", "city": "Kigali"}, "fortaleza": {"lat": -3.767, "lon": -38.567, "wikipedia": "Fortaleza", "city": "Fortaleza"}, "noginsk": {"city": "\u041d\u043e\u0433\u0438\u043d\u0441\u043a", "lng": 38.441058, "lat": 55.855537, "cnm": "\u041d\u043e\u0433\u0438\u043d\u0441\u043a", "cid": "noginsk", "rad": 6865}, "guadalajara": {"lat": 20.667, "lon": -103.35, "wikipedia": "Guadalajara,_Jalisco", "city": "Guadalajara"}, "ibiza": {"lat": 39.633, "lon": 1.717, "wikipedia": "Ibiza", "city": "Ibiza"}, "marrakech": {"lat": 31.633, "lon": -8.0, "wikipedia": "Marrakech", "city": "Marrakech"}, "belebey": {"city": "\u0411\u0435\u043b\u0435\u0431\u0435\u0439", "lng": 54.111279, "lat": 54.103441, "cnm": "\u0411\u0435\u043b\u0435\u0431\u0435\u0439", "cid": "belebey", "rad": 6286}, "kaluga": {"city": "\u041a\u0430\u043b\u0443\u0433\u0430", "lng": 36.252277, "lat": 54.507014, "cnm": "\u041a\u0430\u043b\u0443\u0433\u0430", "cid": "kaluga", "rad": 10000}, "cali": {"lat": 3.417, "lon": -76.517, "wikipedia": "Cali", "city": "Cali"}, "medan": {"lat": 3.583, "lon": 98.667, "wikipedia": "Medan", "city": "Medan"}, "saskatoon": {"lat": 52.117, "lon": -106.65, "wikipedia": "Saskatoon", "city": "Saskatoon"}, "arzamas": {"city": "\u0410\u0440\u0437\u0430\u043c\u0430\u0441", "lng": 43.815687, "lat": 55.386666, "cnm": "\u0410\u0440\u0437\u0430\u043c\u0430\u0441", "cid": "arzamas", "rad": 5093}, "kansascity": {"lat": 39.1, "lon": -94.567, "wikipedia": "Kansas_City,_Missouri", "city": "Kansas City"}, "santacruzdelasierra": {"lat": -17.8, "lon": -63.167, "wikipedia": "Santa_Cruz_de_la_Sierra", "city": "Santa Cruz de la Sierra"}, "yamoussoukro": {"lat": 6.817, "lon": -5.283, "wikipedia": "Yamoussoukro", "city": "Yamoussoukro"}, "buenosaires": {"lat": -34.6, "lon": -58.367, "wikipedia": "Buenos_Aires", "city": "Buenos Aires"}, "frankfurt": {"lat": 50.1, "lon": 8.683, "wikipedia": "Frankfurt", "city": "Frankfurt"}, "macei%c3%b3": {"lat": -9.65, "lon": -35.717, "wikipedia": "Macei%C3%B3", "city": "Macei%C3%B3"}, "sitka": {"lat": 57.05, "lon": -135.317, "wikipedia": "Sitka,_Alaska", "city": "Sitka"}, "malabo": {"lat": 3.75, "lon": 8.767, "wikipedia": "Malabo", "city": "Malabo"}, "michurinsk": {"city": "\u041c\u0438\u0447\u0443\u0440\u0438\u043d\u0441\u043a", "lng": 40.497957, "lat": 52.89388, "cnm": "\u041c\u0438\u0447\u0443\u0440\u0438\u043d\u0441\u043a", "cid": "michurinsk", "rad": 8606}, "calama": {"lat": -22.467, "lon": -68.933, "wikipedia": "Calama,_Chile", "city": "Calama"}, "ludhiana": {"lat": 30.9, "lon": 75.85, "wikipedia": "Ludhiana", "city": "Ludhiana"}, "hanoi": {"lat": 21.033, "lon": 105.85, "wikipedia": "Hanoi", "city": "Hanoi"}, "evpatoria": {"city": "\u0415\u0432\u043f\u0430\u0442\u043e\u0440\u0438\u044f", "lng": 33.366861, "lat": 45.190445, "cnm": "\u0415\u0432\u043f\u0430\u0442\u043e\u0440\u0438\u044f", "cid": "evpatoria", "rad": 5324}, "asmara": {"lat": 15.333, "lon": 38.933, "wikipedia": "Asmara", "city": "Asmara"}, "cairo": {"lat": 30.05, "lon": 31.217, "wikipedia": "Cairo", "city": "Cairo"}, "maracaibo": {"lat": -10.65, "lon": -71.633, "wikipedia": "Maracaibo", "city": "Maracaibo"}, "ulanbator": {"lat": 47.917, "lon": 106.917, "wikipedia": "Ulan_Bator", "city": "Ulan Bator"}, "split": {"lat": 43.5, "lon": 16.433, "wikipedia": "Split_(city)", "city": "Split (city)"}, "yarendistrict": {"lat": -0.55, "lon": 166.917, "wikipedia": "Yaren_District", "city": "Yaren District"}, "islamabad": {"lat": 33.717, "lon": 73.067, "wikipedia": "Islamabad", "city": "Islamabad"}, "conakry": {"lat": 9.517, "lon": -13.7, "wikipedia": "Conakry", "city": "Conakry"}, "amman": {"lat": 31.95, "lon": 35.933, "wikipedia": "Amman", "city": "Amman"}, "simferopol": {"lat": 44.95, "lon": 34.1, "wikipedia": "Simferopol", "city": "Simferopol"}, "saipan": {"lat": 15.183, "lon": 145.75, "wikipedia": "Saipan", "city": "Saipan"}, "adak": {"lat": 51.883, "lon": -176.633, "wikipedia": "Adak,_Alaska", "city": "Adak"}, "vancouver": {"lat": 49.25, "lon": -123.1, "wikipedia": "Vancouver", "city": "Vancouver"}, "nicosia": {"lat": 35.167, "lon": 33.35, "wikipedia": "Nicosia", "city": "Nicosia"}, "laspalmasdegrancanaria": {"lat": 28.133, "lon": -15.433, "wikipedia": "Las_Palmas_de_Gran_Canaria", "city": "Las Palmas de Gran Canaria"}, "birkirkara": {"lat": 35.883, "lon": 14.45, "wikipedia": "Birkirkara", "city": "Birkirkara"}, "patna": {"lat": 25.6, "lon": 85.133, "wikipedia": "Patna", "city": "Patna"}, "accra": {"lat": 5.55, "lon": -0.2, "wikipedia": "Accra", "city": "Accra"}, "linz": {"lat": 48.3, "lon": 14.283, "wikipedia": "Linz", "city": "Linz"}, "manaus": {"lat": -3.1, "lon": -60.017, "wikipedia": "Manaus", "city": "Manaus"}, "nouakchott": {"lat": 18.1, "lon": -15.95, "wikipedia": "Nouakchott", "city": "Nouakchott"}, "bratsk": {"lat": 56.167, "lon": 101.617, "wikipedia": "Bratsk", "city": "Bratsk"}, "tartu": {"lat": 58.383, "lon": 26.717, "wikipedia": "Tartu", "city": "Tartu"}, "dededo": {"lat": 13.517, "lon": 144.833, "wikipedia": "Dededo,_Guam", "city": "Dededo"}, "hobart": {"lat": -42.883, "lon": 147.317, "wikipedia": "Hobart", "city": "Hobart"}, "bloemfontein": {"lat": -29.1, "lon": 26.217, "wikipedia": "Bloemfontein", "city": "Bloemfontein"}, "iquique": {"lat": -20.217, "lon": -70.15, "wikipedia": "Iquique", "city": "Iquique"}, "adamstown": {"lat": -25.067, "lon": -130.1, "wikipedia": "Adamstown,_Pitcairn_Islands", "city": "Adamstown"}, "lahore": {"lat": 31.55, "lon": 74.333, "wikipedia": "Lahore", "city": "Lahore"}, "losangeles": {"lat": 34.05, "lon": -118.25, "wikipedia": "Los_Angeles", "city": "Los Angeles"}, "bogor": {"lat": -6.6, "lon": 106.8, "wikipedia": "Bogor", "city": "Bogor"}, "guangzhou": {"lat": 23.1, "lon": 113.267, "wikipedia": "Guangzhou", "city": "Guangzhou"}, "bucharest": {"lat": 44.433, "lon": 26.1, "wikipedia": "Bucharest", "city": "Bucharest"}, "porthedland": {"lat": -20.3, "lon": 118.6, "wikipedia": "Port_Hedland,_Western_Australia", "city": "Port Hedland"}, "koror": {"lat": 7.35, "lon": 134.467, "wikipedia": "Koror", "city": "Koror"}, "havana": {"lat": 23.133, "lon": -82.383, "wikipedia": "Havana", "city": "Havana"}, "rawalpindi": {"lat": 33.6, "lon": 73.033, "wikipedia": "Rawalpindi", "city": "Rawalpindi"}, "kinshasa": {"lat": -4.317, "lon": 15.317, "wikipedia": "Kinshasa", "city": "Kinshasa"}, "kano": {"lat": 12.0, "lon": 8.517, "wikipedia": "Kano", "city": "Kano"}, "chittagong": {"lat": 22.367, "lon": 91.8, "wikipedia": "Chittagong", "city": "Chittagong"}, "luxor": {"lat": 25.683, "lon": 32.65, "wikipedia": "Luxor", "city": "Luxor"}, "perm": {"lat": 58.0, "lon": 56.317, "wikipedia": "Perm", "city": "Perm"}, "caracas": {"lat": 10.5, "lon": -66.917, "wikipedia": "Caracas", "city": "Caracas"}, "zheleznodorozhny": {"city": "\u0416\u0435\u043b\u0435\u0437\u043d\u043e\u0434\u043e\u0440\u043e\u0436\u043d\u044b\u0439", "lng": 38.009049, "lat": 55.746436, "cnm": "\u0416\u0435\u043b\u0435\u0437\u043d\u043e\u0434\u043e\u0440\u043e\u0436\u043d\u044b\u0439", "cid": "zheleznodorozhny", "rad": 3172}, "sanjos%c3%a9": {"lat": 9.933, "lon": -84.083, "wikipedia": "San_Jos%C3%A9,_Costa_Rica", "city": "San Jos%C3%A9"}, "peshawar": {"lat": 34.0, "lon": 71.5, "wikipedia": "Peshawar", "city": "Peshawar"}, "anapa": {"city": "\u0410\u043d\u0430\u043f\u0430", "lng": 37.316259, "lat": 44.894997, "cnm": "\u0410\u043d\u0430\u043f\u0430", "cid": "anapa", "rad": 7704}, "pontadelgada": {"lat": 37.733, "lon": -25.667, "wikipedia": "Ponta_Delgada,_S%C3%A3o_Miguel_Island", "city": "Ponta Delgada"}, "riodejaneiro": {"lat": -22.9, "lon": -43.233, "wikipedia": "Rio_de_Janeiro", "city": "Rio de Janeiro"}, "budapest": {"lat": 47.467, "lon": 19.05, "wikipedia": "Budapest", "city": "Budapest"}, "cuiab%c3%a1": {"lat": -15.583, "lon": -56.083, "wikipedia": "Cuiab%C3%A1", "city": "Cuiab%C3%A1"}, "malang": {"lat": -7.967, "lon": 112.617, "wikipedia": "Malang", "city": "Malang"}, "bandung": {"lat": -6.95, "lon": 107.567, "wikipedia": "Bandung", "city": "Bandung"}, "ivanovo": {"city": "\u0418\u0432\u0430\u043d\u043e\u0432\u043e", "lng": 40.973921, "lat": 57.000348, "cnm": "\u0418\u0432\u0430\u043d\u043e\u0432\u043e", "cid": "ivanovo", "rad": 10000}, "cityofhalifax": {"lat": 44.667, "lon": -63.6, "wikipedia": "City_of_Halifax", "city": "City of Halifax"}, "belmopan": {"lat": 17.25, "lon": -88.767, "wikipedia": "Belmopan", "city": "Belmopan"}, "funafuti": {"lat": -8.517, "lon": 179.217, "wikipedia": "Funafuti", "city": "Funafuti"}, "ciudaddeleste": {"lat": -25.417, "lon": -54.617, "wikipedia": "Ciudad_del_Este", "city": "Ciudad del Este"}, "tampa": {"lat": 27.967, "lon": -82.467, "wikipedia": "Tampa,_Florida", "city": "Tampa"}, "baku": {"lat": 40.367, "lon": 49.883, "wikipedia": "Baku", "city": "Baku"}, "moscow": {"city": "\u041c\u043e\u0441\u043a\u0432\u0430", "lng": 37.620393, "lat": 55.75396, "cnm": "\u041c\u043e\u0441\u043a\u0432\u0430", "cid": "moscow", "rad": 10000}, "pune": {"lat": 18.517, "lon": 73.85, "wikipedia": "Pune", "city": "Pune"}, "pattaya": {"lat": 12.917, "lon": 100.867, "wikipedia": "Pattaya", "city": "Pattaya"}, "salavat": {"city": "\u0421\u0430\u043b\u0430\u0432\u0430\u0442", "lng": 55.924627, "lat": 53.361694, "cnm": "\u0421\u0430\u043b\u0430\u0432\u0430\u0442", "cid": "salavat", "rad": 10000}, "lusaka": {"lat": -15.417, "lon": 28.283, "wikipedia": "Lusaka", "city": "Lusaka"}, "m%c3%a1laga": {"lat": 36.717, "lon": -4.417, "wikipedia": "M%C3%A1laga", "city": "M%C3%A1laga"}, "verhnyaya-pyshma": {"city": "\u0412\u0435\u0440\u0445\u043d\u044f\u044f \u041f\u044b\u0448\u043c\u0430", "lng": 60.564955, "lat": 56.975804, "cnm": "\u0412\u0435\u0440\u0445\u043d\u044f\u044f \u041f\u044b\u0448\u043c\u0430", "cid": "verhnyaya-pyshma", "rad": 6282}, "geelong": {"lat": -38.15, "lon": 144.35, "wikipedia": "Geelong", "city": "Geelong"}, "bogot%c3%a1": {"lat": 4.6, "lon": -74.067, "wikipedia": "Bogot%C3%A1", "city": "Bogot%C3%A1"}, "bel%c3%a9m": {"lat": 1.467, "lon": -48.483, "wikipedia": "Bel%C3%A9m", "city": "Bel%C3%A9m"}, "aberdeen": {"lat": 57.15, "lon": -2.1, "wikipedia": "Aberdeen", "city": "Aberdeen"}, "wollongong": {"lat": -34.433, "lon": 150.883, "wikipedia": "Wollongong", "city": "Wollongong"}, "virginiabeach": {"lat": 36.85, "lon": -75.983, "wikipedia": "Virginia_Beach", "city": "Virginia Beach"}, "harare": {"lat": -17.817, "lon": 31.05, "wikipedia": "Harare", "city": "Harare"}, "surabaya": {"lat": -7.233, "lon": 112.733, "wikipedia": "Surabaya", "city": "Surabaya"}, "nice": {"lat": 43.7, "lon": 7.267, "wikipedia": "Nice", "city": "Nice"}, "taichung": {"lat": 24.15, "lon": 120.667, "wikipedia": "Taichung", "city": "Taichung"}, "mwanza": {"lat": -2.517, "lon": 32.9, "wikipedia": "Mwanza", "city": "Mwanza"}, "montevideo": {"lat": -34.917, "lon": -56.167, "wikipedia": "Montevideo", "city": "Montevideo"}, "pelotas": {"lat": -31.767, "lon": -52.333, "wikipedia": "Pelotas", "city": "Pelotas"}, "kolkata": {"lat": 22.567, "lon": 88.367, "wikipedia": "Kolkata", "city": "Kolkata"}, "mamoudzou": {"lat": -12.783, "lon": 45.217, "wikipedia": "Mamoudzou", "city": "Mamoudzou"}, "mecca": {"lat": 21.417, "lon": 39.817, "wikipedia": "Mecca", "city": "Mecca"}, "iquitos": {"lat": -3.733, "lon": -73.25, "wikipedia": "Iquitos", "city": "Iquitos"}, "portblair": {"lat": 11.667, "lon": 92.75, "wikipedia": "Port_Blair", "city": "Port Blair"}, "cherkessk": {"city": "\u0427\u0435\u0440\u043a\u0435\u0441\u0441\u043a", "lng": 42.04677, "lat": 44.226863, "cnm": "\u0427\u0435\u0440\u043a\u0435\u0441\u0441\u043a", "cid": "cherkessk", "rad": 8181}, "bissau": {"lat": 11.85, "lon": -15.583, "wikipedia": "Bissau", "city": "Bissau"}, "telaviv": {"lat": 32.083, "lon": 34.8, "wikipedia": "Tel_Aviv", "city": "Tel Aviv"}, "nukus": {"lat": 42.467, "lon": 59.6, "wikipedia": "Nukus", "city": "Nukus"}, "sana%27a": {"lat": 15.35, "lon": 44.2, "wikipedia": "Sana%27a", "city": "Sana%27a"}, "columbus": {"lat": 39.983, "lon": -82.983, "wikipedia": "Columbus,_Ohio", "city": "Columbus"}, "taiyuan": {"lat": 37.867, "lon": 112.55, "wikipedia": "Taiyuan", "city": "Taiyuan"}, "brazzaville": {"lat": -4.267, "lon": 15.283, "wikipedia": "Brazzaville", "city": "Brazzaville"}, "portsaid": {"lat": 31.25, "lon": 32.283, "wikipedia": "Port_Said", "city": "Port Said"}, "gda%c5%84sk": {"lat": 54.35, "lon": 18.667, "wikipedia": "Gda%C5%84sk", "city": "Gda%C5%84sk"}, "odessa": {"lat": 46.467, "lon": 30.733, "wikipedia": "Odessa", "city": "Odessa"}, "agartala": {"lat": 23.5, "lon": 91.2, "wikipedia": "Agartala", "city": "Agartala"}, "dodoma": {"lat": -6.167, "lon": 35.733, "wikipedia": "Dodoma", "city": "Dodoma"}, "tbilisi": {"lat": 41.717, "lon": 44.783, "wikipedia": "Tbilisi", "city": "Tbilisi"}, "leninigorsk": {"city": "\u041b\u0435\u043d\u0438\u043d\u043e\u0433\u043e\u0440\u0441\u043a", "lng": 52.44326, "lat": 54.596613, "cnm": "\u041b\u0435\u043d\u0438\u043d\u043e\u0433\u043e\u0440\u0441\u043a", "cid": "leninigorsk", "rad": 4185}, "ramenskoe": {"city": "\u0420\u0430\u043c\u0435\u043d\u0441\u043a\u043e\u0435", "lng": 38.225804, "lat": 55.567321, "cnm": "\u0420\u0430\u043c\u0435\u043d\u0441\u043a\u043e\u0435", "cid": "ramenskoe", "rad": 8239}, "thi%c3%a8s": {"lat": 14.833, "lon": -17.1, "wikipedia": "Thi%C3%A8s", "city": "Thi%C3%A8s"}, "glazov": {"city": "\u0413\u043b\u0430\u0437\u043e\u0432", "lng": 52.674181, "lat": 58.140815, "cnm": "\u0413\u043b\u0430\u0437\u043e\u0432", "cid": "glazov", "rad": 5980}, "almaty": {"lat": 43.267, "lon": 76.883, "wikipedia": "Almaty", "city": "Almaty"}, "maputo": {"lat": -25.967, "lon": 32.583, "wikipedia": "Maputo", "city": "Maputo"}, "charlotteamalie": {"lat": -18.35, "lon": -64.95, "wikipedia": "Charlotte_Amalie,_United_States_Virgin_Islands", "city": "Charlotte Amalie"}, "angradohero%c3%adsmo": {"lat": 38.65, "lon": -27.217, "wikipedia": "Angra_do_Hero%C3%ADsmo", "city": "Angra do Hero%C3%ADsmo"}, "dushanbe": {"lat": 38.533, "lon": 68.767, "wikipedia": "Dushanbe", "city": "Dushanbe"}, "manama": {"lat": 26.217, "lon": 50.583, "wikipedia": "Manama", "city": "Manama"}, "roseau": {"lat": 15.3, "lon": -61.383, "wikipedia": "Roseau", "city": "Roseau"}}