[{"cid": "moscow", "cnm": "Москва", "lng": 37.620393, "lat": 55.75396, "rad": 10000}, {"cid": "saint-petersburg", "cnm": "Санкт-Петербург", "lng": 30.315868, "lat": 59.939095, "rad": 10000}, {"cid": "novosibirsk", "cnm": "Новосибирск", "lng": 82.92043, "lat": 55.030199, "rad": 10000}, {"cid": "yekaterinburg", "cnm": "Екатеринбург", "lng": 60.605514, "lat": 56.838607, "rad": 10000}, {"cid": "nizhny-novgorod", "cnm": "Нижний Новгород", "lng": 44.005986, "lat": 56.326887, "rad": 10000}, {"cid": "samara", "cnm": "Самара", "lng": 50.101819, "lat": 53.195522, "rad": 10000}, {"cid": "omsk", "cnm": "Омск", "lng": 73.368212, "lat": 54.989342, "rad": 10000}, {"cid": "kazan", "cnm": "Казань", "lng": 49.106324, "lat": 55.798551, "rad": 10000}, {"cid": "chelyabinsk", "cnm": "Челябинск", "lng": 61.40259, "lat": 55.160026, "rad": 10000}, {"cid": "rostov-na-donu", "cnm": "Ростов-на-Дону", "lng": 39.718705, "lat": 47.222531, "rad": 10000}, {"cid": "ufa", "cnm": "Уфа", "lng": 55.958727, "lat": 54.735147, "rad": 10000}, {"cid": "volgograd", "cnm": "Волгоград", "lng": 44.516939, "lat": 48.707103, "rad": 10000}, {"cid": "krasnoyarsk", "cnm": "Красноярск", "lng": 92.852545, "lat": 56.010599, "rad": 10000}, {"cid": "voronezh", "cnm": "Воронеж", "lng": 39.200287, "lat": 51.661535, "rad": 10000}, {"cid": "perm", "cnm": "Пермь", "lng": 56.229398, "lat": 58.010374, "rad": 10000}, {"cid": "saratov", "cnm": "Саратов", "lng": 46.034158, "lat": 51.533103, "rad": 10000}, {"cid": "krasnodar", "cnm": "Краснодар", "lng": 38.975996, "lat": 45.040216, "rad": 10000}, {"cid": "tolyatti", "cnm": "Тольятти", "lng": 49.419207, "lat": 53.508816, "rad": 10000}, {"cid": "izhevsk", "cnm": "Ижевск", "lng": 53.211463, "lat": 56.852775, "rad": 10000}, {"cid": "vladivostok", "cnm": "Владивосток", "lng": 131.885341, "lat": 43.115141, "rad": 10000}, {"cid": "barnaul", "cnm": "Барнаул", "lng": 83.779875, "lat": 53.348053, "rad": 10000}, {"cid": "ulyanovsk", "cnm": "Ульяновск", "lng": 48.395622, "lat": 54.312416, "rad": 10000}, {"cid": "tyumen", "cnm": "Тюмень", "lng": 65.534328, "lat": 57.153033, "rad": 10000}, {"cid": "irkutsk", "cnm": "Иркутск", "lng": 104.28066, "lat": 52.286387, "rad": 10000}, {"cid": "yaroslavl", "cnm": "Ярославль", "lng": 39.893885, "lat": 57.626549, "rad": 10000}, {"cid": "khabarovsk", "cnm": "Хабаровск", "lng": 135.071917, "lat": 48.480223, "rad": 10000}, {"cid": "makhachkala", "cnm": "Махачкала", "lng": 47.504682, "lat": 42.98306, "rad": 9633}, {"cid": "novokuznetsk", "cnm": "Новокузнецк", "lng": 87.136044, "lat": 53.757547, "rad": 10000}, {"cid": "orenburg", "cnm": "Оренбург", "lng": 55.096955, "lat": 51.768199, "rad": 10000}, {"cid": "kemerovo", "cnm": "Кемерово", "lng": 86.087314, "lat": 55.354968, "rad": 10000}, {"cid": "ryazan", "cnm": "Рязань", "lng": 39.734928, "lat": 54.629148, "rad": 10000}, {"cid": "tomsk", "cnm": "Томск", "lng": 84.948197, "lat": 56.48468, "rad": 10000}, {"cid": "astrahan", "cnm": "Астрахань", "lng": 48.033574, "lat": 46.347869, "rad": 10000}, {"cid": "penza", "cnm": "Пенза", "lng": 45.018325, "lat": 53.195047, "rad": 10000}, {"cid": "naberezhnie-chelny", "cnm": "Набережные Челны", "lng": 52.39582, "lat": 55.743553, "rad": 10000}, {"cid": "lipetsk", "cnm": "Липецк", "lng": 39.594719, "lat": 52.61022, "rad": 10000}, {"cid": "tula", "cnm": "Тула", "lng": 37.617752, "lat": 54.193033, "rad": 10000}, {"cid": "cheboksary", "cnm": "Чебоксары", "lng": 47.239894, "lat": 56.138654, "rad": 10000}, {"cid": "kaliningrad", "cnm": "Калининград", "lng": 20.507307, "lat": 54.70739, "rad": 9266}, {"cid": "kursk", "cnm": "Курск", "lng": 36.192647, "lat": 51.730361, "rad": 10000}, {"cid": "bryansk", "cnm": "Брянск", "lng": 34.363731, "lat": 53.243325, "rad": 10000}, {"cid": "magnitogorsk", "cnm": "Магнитогорск", "lng": 58.97924, "lat": 53.407233, "rad": 10000}, {"cid": "ivanovo", "cnm": "Иваново", "lng": 40.973921, "lat": 57.000348, "rad": 10000}, {"cid": "ulan-ude", "cnm": "Улан-Удэ", "lng": 107.584125, "lat": 51.833507, "rad": 10000}, {"cid": "tver", "cnm": "Тверь", "lng": 35.911896, "lat": 56.859611, "rad": 10000}, {"cid": "stavropol", "cnm": "Ставрополь", "lng": 41.969065, "lat": 45.044502, "rad": 10000}, {"cid": "nizhniy-tagil", "cnm": "Нижний Тагил", "lng": 59.972211, "lat": 57.907605, "rad": 10000}, {"cid": "belgorod", "cnm": "Белгород", "lng": 36.587223, "lat": 50.59566, "rad": 10000}, {"cid": "arhangelsk", "cnm": "Архангельск", "lng": 40.516939, "lat": 64.539393, "rad": 10000}, {"cid": "vladimir", "cnm": "Владимир", "lng": 40.40703, "lat": 56.129042, "rad": 10000}, {"cid": "sochi", "cnm": "Сочи", "lng": 39.723062, "lat": 43.585525, "rad": 10000}, {"cid": "sevastopol", "cnm": "Севастополь", "lng": 33.525432, "lat": 44.616687, "rad": 10000}, {"cid": "simferopol", "cnm": "Симферополь", "lng": 34.100156, "lat": 44.948314, "rad": 7248}, {"cid": "kurgan", "cnm": "Курган", "lng": 65.344316, "lat": 55.441606, "rad": 10000}, {"cid": "smolensk", "cnm": "Смоленск", "lng": 32.045134, "lat": 54.78264, "rad": 8968}, {"cid": "chita", "cnm": "Чита", "lng": 113.499432, "lat": 52.033973, "rad": 10000}, {"cid": "kaluga", "cnm": "Калуга", "lng": 36.252277, "lat": 54.507014, "rad": 10000}, {"cid": "surgut", "cnm": "Сургут", "lng": 73.396204, "lat": 61.254052, "rad": 8744}, {"cid": "orel", "cnm": "Орёл", "lng": 36.069613, "lat": 52.967187, "rad": 10000}, {"cid": "cherepovets", "cnm": "Череповец", "lng": 37.906956, "lat": 59.127447, "rad": 10000}, {"cid": "volzhskiy", "cnm": "Волжский", "lng": 44.746162, "lat": 48.797909, "rad": 10000}, {"cid": "vladikavkaz", "cnm": "Владикавказ", "lng": 44.681888, "lat": 43.020603, "rad": 8039}, {"cid": "murmansk", "cnm": "Мурманск", "lng": 33.074558, "lat": 68.969582, "rad": 10000}, {"cid": "vologda", "cnm": "Вологда", "lng": 39.891568, "lat": 59.220492, "rad": 10000}, {"cid": "saransk", "cnm": "Саранск", "lng": 45.183642, "lat": 54.187211, "rad": 9333}, {"cid": "tambov", "cnm": "Тамбов", "lng": 41.452238, "lat": 52.721246, "rad": 10000}, {"cid": "sterlitamak", "cnm": "Стерлитамак", "lng": 55.931634, "lat": 53.630152, "rad": 10000}, {"cid": "grozniy", "cnm": "Грозный", "lng": 45.694909, "lat": 43.317776, "rad": 10000}, {"cid": "kostroma", "cnm": "Кострома", "lng": 40.926858, "lat": 57.767961, "rad": 8263}, {"cid": "yakutsk", "cnm": "Якутск", "lng": 129.732555, "lat": 62.028098, "rad": 10000}, {"cid": "petrozavodsk", "cnm": "Петрозаводск", "lng": 34.359688, "lat": 61.789036, "rad": 10000}, {"cid": "balashiha", "cnm": "Балашиха", "lng": 37.938199, "lat": 55.796339, "rad": 10000}, {"cid": "komsomolsk-at-amur", "cnm": "Комсомольск-на-Амуре", "lng": 137.007948, "lat": 50.549923, "rad": 10000}, {"cid": "nizhnevartovsk", "cnm": "Нижневартовск", "lng": 76.569601, "lat": 60.939742, "rad": 10000}, {"cid": "taganrog", "cnm": "Таганрог", "lng": 38.935194, "lat": 47.20958, "rad": 10000}, {"cid": "dzerzhinsk", "cnm": "Дзержинск", "lng": 43.461625, "lat": 56.238377, "rad": 10000}, {"cid": "yoshkar-ola", "cnm": "Йошкар-Ола", "lng": 47.899878, "lat": 56.634407, "rad": 10000}, {"cid": "novorossiysk", "cnm": "Новороссийск", "lng": 37.768678, "lat": 44.723566, "rad": 9519}, {"cid": "bratsk", "cnm": "Братск", "lng": 101.63408, "lat": 56.151362, "rad": 10000}, {"cid": "angarsk", "cnm": "Ангарск", "lng": 103.888456, "lat": 52.544889, "rad": 10000}, {"cid": "nalchik", "cnm": "Нальчик", "lng": 43.607072, "lat": 43.485278, "rad": 8539}, {"cid": "orsk", "cnm": "Орск", "lng": 58.475214, "lat": 51.229373, "rad": 10000}, {"cid": "shakhty", "cnm": "Шахты", "lng": 40.215958, "lat": 47.708485, "rad": 10000}, {"cid": "syktyvkar", "cnm": "Сыктывкар", "lng": 50.835716, "lat": 61.668673, "rad": 10000}, {"cid": "zelenograd", "cnm": "Зеленоград", "lng": 37.214382, "lat": 55.991893, "rad": 7446}, {"cid": "nizhnekamsk", "cnm": "Нижнекамск", "lng": 51.80913, "lat": 55.634019, "rad": 10000}, {"cid": "stariy-oskol", "cnm": "Старый Оскол", "lng": 37.833447, "lat": 51.298075, "rad": 10000}, {"cid": "blagoveshchensk", "cnm": "Благовещенск", "lng": 127.527173, "lat": 50.290658, "rad": 10000}, {"cid": "veliky-novgorod", "cnm": "Великий Новгород", "lng": 31.275475, "lat": 58.521475, "rad": 10000}, {"cid": "prokopevsk", "cnm": "Прокопьевск", "lng": 86.750055, "lat": 53.884487, "rad": 10000}, {"cid": "biysk", "cnm": "Бийск", "lng": 85.21382, "lat": 52.539297, "rad": 10000}, {"cid": "himki", "cnm": "Химки", "lng": 37.430328, "lat": 55.888796, "rad": 10000}, {"cid": "pyatigorsk", "cnm": "Пятигорск", "lng": 43.070804, "lat": 44.03977, "rad": 10000}, {"cid": "pskov", "cnm": "Псков", "lng": 28.331786, "lat": 57.819365, "rad": 7565}, {"cid": "engels", "cnm": "Энгельс", "lng": 46.126783, "lat": 51.485489, "rad": 5695}, {"cid": "rybinsk", "cnm": "Рыбинск", "lng": 38.858433, "lat": 58.048454, "rad": 7646}, {"cid": "balakovo", "cnm": "Балаково", "lng": 47.782818, "lat": 52.022331, "rad": 6715}, {"cid": "severodvinsk", "cnm": "Северодвинск", "lng": 39.818175, "lat": 64.562501, "rad": 9732}, {"cid": "sakhalinsk", "cnm": "Южно-Сахалинск", "lng": 142.738041, "lat": 46.959179, "rad": 10000}, {"cid": "armavir", "cnm": "Армавир", "lng": 41.132429, "lat": 45.001116, "rad": 6104}, {"cid": "podolsk", "cnm": "Подольск", "lng": 37.544737, "lat": 55.431177, "rad": 10000}, {"cid": "zlatoust", "cnm": "Златоуст", "lng": 59.672641, "lat": 55.171488, "rad": 9137}, {"cid": "korolev", "cnm": "Королёв", "lng": 37.854629, "lat": 55.922212, "rad": 7928}, {"cid": "sizran", "cnm": "Сызрань", "lng": 48.474485, "lat": 53.155782, "rad": 10000}, {"cid": "petropavlovsk", "cnm": "Петропавловск-Камчатский", "lng": 158.655918, "lat": 53.03704, "rad": 10000}, {"cid": "kamensk-uralskiy", "cnm": "Каменск-Уральский", "lng": 61.918914, "lat": 56.414892, "rad": 10000}, {"cid": "norilsk", "cnm": "Норильск", "lng": 88.200996, "lat": 69.349071, "rad": 10000}, {"cid": "mytischi", "cnm": "Мытищи", "lng": 37.73633, "lat": 55.910503, "rad": 7944}, {"cid": "lubercy", "cnm": "Люберцы", "lng": 37.898116, "lat": 55.676494, "rad": 5320}, {"cid": "volgodonsk", "cnm": "Волгодонск", "lng": 42.198423, "lat": 47.516545, "rad": 10000}, {"cid": "novocherkassk", "cnm": "Новочеркасск", "lng": 40.104163, "lat": 47.411918, "rad": 10000}, {"cid": "abakan", "cnm": "Абакан", "lng": 91.442387, "lat": 53.721152, "rad": 10000}, {"cid": "ussuriysk", "cnm": "Уссурийск", "lng": 131.95178, "lat": 43.797273, "rad": 10000}, {"cid": "nahodka", "cnm": "Находка", "lng": 132.892811, "lat": 42.824037, "rad": 10000}, {"cid": "berezniki", "cnm": "Березники", "lng": 56.804015, "lat": 59.407922, "rad": 10000}, {"cid": "salavat", "cnm": "Салават", "lng": 55.924627, "lat": 53.361694, "rad": 10000}, {"cid": "elektrostal", "cnm": "Электросталь", "lng": 38.444849, "lat": 55.784445, "rad": 7232}, {"cid": "miass", "cnm": "Миасс", "lng": 60.107677, "lat": 55.045671, "rad": 10000}, {"cid": "rubtsovsk", "cnm": "Рубцовск", "lng": 81.207818, "lat": 51.501196, "rad": 7395}, {"cid": "kovrov", "cnm": "Ковров", "lng": 41.31122, "lat": 56.363628, "rad": 10000}, {"cid": "kerch", "cnm": "Керчь", "lng": 36.467352, "lat": 45.3562, "rad": 10000}, {"cid": "kolomna", "cnm": "Коломна", "lng": 38.765224, "lat": 55.09524, "rad": 6485}, {"cid": "maykop", "cnm": "Майкоп", "lng": 40.100516, "lat": 44.609764, "rad": 8323}, {"cid": "odincovo", "cnm": "Одинцово", "lng": 37.26387, "lat": 55.678895, "rad": 5894}, {"cid": "kolpino", "cnm": "Колпино", "lng": 30.595361, "lat": 59.746718, "rad": 10000}, {"cid": "nefteugansk", "cnm": "Нефтеюганск", "lng": 72.616331, "lat": 61.088212, "rad": 5357}, {"cid": "kopeysk", "cnm": "Копейск", "lng": 61.617988, "lat": 55.116753, "rad": 10000}, {"cid": "tobolsk", "cnm": "Тобольск", "lng": 68.253762, "lat": 58.201698, "rad": 10000}, {"cid": "pervouralsk", "cnm": "Первоуральск", "lng": 59.942962, "lat": 56.908089, "rad": 10000}, {"cid": "khasavurt", "cnm": "Хасавюрт", "lng": 46.590044, "lat": 43.246265, "rad": 5186}, {"cid": "belovo", "cnm": "Белово", "lng": 86.303692, "lat": 54.422114, "rad": 10000}, {"cid": "zheleznodorozhny", "cnm": "Железнодорожный", "lng": 38.009049, "lat": 55.746436, "rad": 3172}, {"cid": "novomoskovsk", "cnm": "Новомосковск", "lng": 38.290896, "lat": 54.010993, "rad": 10000}, {"cid": "kislovodsk", "cnm": "Кисловодск", "lng": 42.716715, "lat": 43.905251, "rad": 5696}, {"cid": "arzamas", "cnm": "Арзамас", "lng": 43.815687, "lat": 55.386666, "rad": 5093}, {"cid": "serpuhov", "cnm": "Серпухов", "lng": 37.416763, "lat": 54.913536, "rad": 4583}, {"cid": "novocheboksarsk", "cnm": "Новочебоксарск", "lng": 47.479125, "lat": 56.109551, "rad": 8514}, {"cid": "dimitrovgrad", "cnm": "Димитровград", "lng": 49.600802, "lat": 54.223938, "rad": 7610}, {"cid": "nephtekamsk", "cnm": "Нефтекамск", "lng": 54.248182, "lat": 56.088393, "rad": 10000}, {"cid": "cherkessk", "cnm": "Черкесск", "lng": 42.04677, "lat": 44.226863, "rad": 8181}, {"cid": "orehovo-zuevo", "cnm": "Орехово-Зуево", "lng": 38.978349, "lat": 55.809034, "rad": 6812}, {"cid": "derbent", "cnm": "Дербент", "lng": 48.288776, "lat": 42.057669, "rad": 7827}, {"cid": "kamishin", "cnm": "Камышин", "lng": 45.407349, "lat": 50.083698, "rad": 10000}, {"cid": "nevinnomissk", "cnm": "Невинномысск", "lng": 41.936061, "lat": 44.638287, "rad": 7308}, {"cid": "murom", "cnm": "Муром", "lng": 42.052411, "lat": 55.579169, "rad": 6838}, {"cid": "krasnogorsk", "cnm": "Красногорск", "lng": 37.329941, "lat": 55.831241, "rad": 8633}, {"cid": "bataysk", "cnm": "Батайск", "lng": 39.750748, "lat": 47.138235, "rad": 9400}, {"cid": "noyabrsk", "cnm": "Ноябрьск", "lng": 75.450965, "lat": 63.201789, "rad": 10000}, {"cid": "novoshahtinsk", "cnm": "Новошахтинск", "lng": 39.93643, "lat": 47.757738, "rad": 10000}, {"cid": "kyzyl", "cnm": "Кызыл", "lng": 94.437757, "lat": 51.719086, "rad": 6958}, {"cid": "oktyabrsky", "cnm": "Октябрьский", "lng": 53.46557, "lat": 54.481448, "rad": 7509}, {"cid": "achinsk", "cnm": "Ачинск", "lng": 90.495231, "lat": 56.269496, "rad": 10000}, {"cid": "novokuibishevsk", "cnm": "Новокуйбышевск", "lng": 49.947767, "lat": 53.099469, "rad": 10000}, {"cid": "yelets", "cnm": "Елец", "lng": 38.499943, "lat": 52.619302, "rad": 7462}, {"cid": "seversk", "cnm": "Северск", "lng": 84.880931, "lat": 56.603205, "rad": 9506}, {"cid": "shelkovo", "cnm": "Щелково", "lng": 37.978399, "lat": 55.923387, "rad": 8017}, {"cid": "leninsk-kuznetskiy", "cnm": "Ленинск-Кузнецкий", "lng": 86.162243, "lat": 54.663609, "rad": 9235}, {"cid": "evpatoria", "cnm": "Евпатория", "lng": 33.366861, "lat": 45.190445, "rad": 5324}, {"cid": "sergiev-posad", "cnm": "Сергиев Посад", "lng": 38.135766, "lat": 56.315321, "rad": 9860}, {"cid": "obninsk", "cnm": "Обнинск", "lng": 36.586531, "lat": 55.112005, "rad": 6305}, {"cid": "noviy-urengoy", "cnm": "Новый Уренгой", "lng": 76.680974, "lat": 66.083963, "rad": 10000}, {"cid": "kaspiysk", "cnm": "Каспийск", "lng": 47.636671, "lat": 42.891586, "rad": 5904}, {"cid": "elista", "cnm": "Элиста", "lng": 44.270181, "lat": 46.308309, "rad": 9350}, {"cid": "kiselevsk", "cnm": "Киселёвск", "lng": 86.636679, "lat": 54.006025, "rad": 10000}, {"cid": "artem", "cnm": "Артём", "lng": 132.159633, "lat": 43.350116, "rad": 10000}, {"cid": "pushkino", "cnm": "Пушкино", "lng": 37.847155, "lat": 56.010428, "rad": 8967}, {"cid": "zhukovskiy", "cnm": "Жуковский", "lng": 38.119497, "lat": 55.59778, "rad": 6569}, {"cid": "mezgdurechensk", "cnm": "Междуреченск", "lng": 88.070372, "lat": 53.686596, "rad": 10000}, {"cid": "sarapul", "cnm": "Сарапул", "lng": 53.803678, "lat": 56.461621, "rad": 10000}, {"cid": "essentuky", "cnm": "Ессентуки", "lng": 42.858883, "lat": 44.044519, "rad": 10000}, {"cid": "noginsk", "cnm": "Ногинск", "lng": 38.441058, "lat": 55.855537, "rad": 6865}, {"cid": "uhta", "cnm": "Ухта", "lng": 53.684022, "lat": 63.562626, "rad": 10000}, {"cid": "pushkin", "cnm": "Пушкин", "lng": 30.404469, "lat": 59.72034, "rad": 10000}, {"cid": "michurinsk", "cnm": "Мичуринск", "lng": 40.497957, "lat": 52.89388, "rad": 8606}, {"cid": "velikie-luky", "cnm": "Великие Луки", "lng": 30.523397, "lat": 56.34265, "rad": 10000}, {"cid": "novotroitsk", "cnm": "Новотроицк", "lng": 58.30174, "lat": 51.196445, "rad": 6136}, {"cid": "zelenodolsk", "cnm": "Зеленодольск", "lng": 48.50112, "lat": 55.846608, "rad": 8354}, {"cid": "berdsk", "cnm": "Бердск", "lng": 83.107135, "lat": 54.758288, "rad": 8324}, {"cid": "solikamsk", "cnm": "Соликамск", "lng": 56.771029, "lat": 59.648333, "rad": 10000}, {"cid": "votkinsk", "cnm": "Воткинск", "lng": 53.987392, "lat": 57.051806, "rad": 10000}, {"cid": "ramenskoe", "cnm": "Раменское", "lng": 38.225804, "lat": 55.567321, "rad": 8239}, {"cid": "magadan", "cnm": "Магадан", "lng": 150.808541, "lat": 59.568164, "rad": 10000}, {"cid": "glazov", "cnm": "Глазов", "lng": 52.674181, "lat": 58.140815, "rad": 5980}, {"cid": "ust-ilimsk", "cnm": "Усть-Илимск", "lng": 102.741523, "lat": 57.943039, "rad": 10000}, {"cid": "kamensk-shakhtinsky", "cnm": "Каменск-Шахтинский", "lng": 40.268923, "lat": 48.320515, "rad": 10000}, {"cid": "kansk", "cnm": "Канск", "lng": 95.705109, "lat": 56.20506, "rad": 10000}, {"cid": "nazran", "cnm": "Назрань", "lng": 44.764641, "lat": 43.225727, "rad": 7473}, {"cid": "gatchina", "cnm": "Гатчина", "lng": 30.128165, "lat": 59.565155, "rad": 7735}, {"cid": "gubkin", "cnm": "Губкин", "lng": 37.534748, "lat": 51.283644, "rad": 8031}, {"cid": "sarov", "cnm": "Саров", "lng": 43.344844, "lat": 54.922788, "rad": 8521}, {"cid": "novouralsk", "cnm": "Новоуральск", "lng": 60.095604, "lat": 57.247235, "rad": 7316}, {"cid": "voskresensk", "cnm": "Воскресенск", "lng": 38.673353, "lat": 55.322978, "rad": 7876}, {"cid": "bugulma", "cnm": "Бугульма", "lng": 52.789489, "lat": 54.536413, "rad": 5383}, {"cid": "almetyevsk", "cnm": "Альметьевск", "lng": 52.297113, "lat": 54.901383, "rad": 7759}, {"cid": "domodedovo", "cnm": "Домодедово", "lng": 37.768049, "lat": 55.437112, "rad": 10000}, {"cid": "kuznetsk", "cnm": "Кузнецк", "lng": 46.601165, "lat": 53.119335, "rad": 8288}, {"cid": "kineshma", "cnm": "Кинешма", "lng": 42.168923, "lat": 57.442544, "rad": 7508}, {"cid": "yesk", "cnm": "Ейск", "lng": 38.276451, "lat": 46.711524, "rad": 9051}, {"cid": "zheleznogorsk", "cnm": "Железногорск", "lng": 35.351743, "lat": 52.337971, "rad": 4211}, {"cid": "khanty-mansiysk", "cnm": "Ханты-Мансийск", "lng": 69.018408, "lat": 61.002486, "rad": 6152}, {"cid": "dolgoprudniy", "cnm": "Долгопрудный", "lng": 37.514401, "lat": 55.93362, "rad": 6482}, {"cid": "reutov", "cnm": "Реутов", "lng": 37.855141, "lat": 55.760515, "rad": 3129}, {"cid": "urga", "cnm": "Юрга", "lng": 84.933869, "lat": 55.713557, "rad": 8924}, {"cid": "usole-sibirskoe", "cnm": "Усолье-Сибирское", "lng": 103.638769, "lat": 52.756648, "rad": 9183}, {"cid": "chaikovsky", "cnm": "Чайковский", "lng": 54.147759, "lat": 56.778061, "rad": 9866}, {"cid": "azov", "cnm": "Азов", "lng": 39.423267, "lat": 47.112129, "rad": 6661}, {"cid": "buzuluk", "cnm": "Бузулук", "lng": 52.262411, "lat": 52.788127, "rad": 8911}, {"cid": "balashev", "cnm": "Балашов", "lng": 43.146496, "lat": 51.554657, "rad": 3966}, {"cid": "kropotkin", "cnm": "Кропоткин", "lng": 40.575994, "lat": 45.434686, "rad": 4915}, {"cid": "kirovo-chepetsk", "cnm": "Кирово-Чепецк", "lng": 50.031679, "lat": 58.556018, "rad": 9319}, {"cid": "klin", "cnm": "Клин", "lng": 36.728716, "lat": 56.331693, "rad": 9303}, {"cid": "angero-sudgensk", "cnm": "Анжеро-Судженск", "lng": 86.018216, "lat": 56.083175, "rad": 10000}, {"cid": "kotlas", "cnm": "Котлас", "lng": 46.633217, "lat": 61.25297, "rad": 7936}, {"cid": "vyborg", "cnm": "Выборг", "lng": 28.749404, "lat": 60.710232, "rad": 10000}, {"cid": "bor", "cnm": "Бор", "lng": 44.064575, "lat": 56.356517, "rad": 10000}, {"cid": "yalta", "cnm": "Ялта", "lng": 34.166353, "lat": 44.495273, "rad": 5082}, {"cid": "mineralniye-vodi", "cnm": "Минеральные Воды", "lng": 43.13834, "lat": 44.208799, "rad": 9561}, {"cid": "chernogorsk", "cnm": "Черногорск", "lng": 91.306005, "lat": 53.827034, "rad": 10000}, {"cid": "birobidgan", "cnm": "Биробиджан", "lng": 132.921736, "lat": 48.794662, "rad": 8334}, {"cid": "shadrinsk", "cnm": "Шадринск", "lng": 63.629747, "lat": 56.087042, "rad": 7535}, {"cid": "chapaevsk", "cnm": "Чапаевск", "lng": 49.713711, "lat": 52.978759, "rad": 10000}, {"cid": "georgievsk", "cnm": "Георгиевск", "lng": 43.473896, "lat": 44.148599, "rad": 5137}, {"cid": "minusinsk", "cnm": "Минусинск", "lng": 91.687268, "lat": 53.710564, "rad": 9585}, {"cid": "naro-fominsk", "cnm": "Наро-Фоминск", "lng": 36.734493, "lat": 55.38616, "rad": 4665}, {"cid": "lobnja", "cnm": "Лобня", "lng": 37.475082, "lat": 56.012053, "rad": 6818}, {"cid": "dubna", "cnm": "Дубна", "lng": 37.173176, "lat": 56.744002, "rad": 10000}, {"cid": "elabuga", "cnm": "Елабуга", "lng": 52.05446, "lat": 55.75667, "rad": 7902}, {"cid": "vorkuta", "cnm": "Воркута", "lng": 64.061091, "lat": 67.49741, "rad": 5435}, {"cid": "novoaltaysk", "cnm": "Новоалтайск", "lng": 83.93107, "lat": 53.412021, "rad": 10000}, {"cid": "asbest", "cnm": "Асбест", "lng": 61.458114, "lat": 57.005274, "rad": 8512}, {"cid": "feodosia", "cnm": "Феодосия", "lng": 35.382429, "lat": 45.031929, "rad": 5742}, {"cid": "beloretsk", "cnm": "Белорецк", "lng": 58.410023, "lat": 53.967621, "rad": 7937}, {"cid": "kungur", "cnm": "Кунгур", "lng": 56.943802, "lat": 57.428374, "rad": 9125}, {"cid": "lysva", "cnm": "Лысьва", "lng": 57.809266, "lat": 58.10017, "rad": 6884}, {"cid": "sibay", "cnm": "Сибай", "lng": 58.666429, "lat": 52.720548, "rad": 7350}, {"cid": "gukovo", "cnm": "Гуково", "lng": 39.940274, "lat": 48.058442, "rad": 7759}, {"cid": "kstovo", "cnm": "Кстово", "lng": 44.206751, "lat": 56.15067, "rad": 8988}, {"cid": "stupino", "cnm": "Ступино", "lng": 38.07839, "lat": 54.88688, "rad": 4741}, {"cid": "egorievsk", "cnm": "Егорьевск", "lng": 39.035833, "lat": 55.38305, "rad": 10000}, {"cid": "volsk", "cnm": "Вольск", "lng": 47.387317, "lat": 52.045967, "rad": 10000}, {"cid": "ishimbay", "cnm": "Ишимбай", "lng": 56.043923, "lat": 53.454621, "rad": 9953}, {"cid": "tuymazy", "cnm": "Туймазы", "lng": 53.694982, "lat": 54.599988, "rad": 4858}, {"cid": "sosnoviy-bor", "cnm": "Сосновый Бор", "lng": 29.092246, "lat": 59.904234, "rad": 10000}, {"cid": "borisoglebsk", "cnm": "Борисоглебск", "lng": 42.074995, "lat": 51.367719, "rad": 4842}, {"cid": "ishim", "cnm": "Ишим", "lng": 69.479639, "lat": 56.11055, "rad": 10000}, {"cid": "slavyansk-na-kubani", "cnm": "Славянск-на-Кубани", "lng": 38.126001, "lat": 45.260439, "rad": 5159}, {"cid": "peterhof", "cnm": "Петергоф", "lng": 29.90656, "lat": 59.880396, "rad": 10000}, {"cid": "budennovsk", "cnm": "Буденновск", "lng": 44.165024, "lat": 44.781528, "rad": 8459}, {"cid": "donskoy", "cnm": "Донской", "lng": 38.337222, "lat": 53.96787, "rad": 10000}, {"cid": "polevskoj", "cnm": "Полевской", "lng": 60.23654, "lat": 56.495777, "rad": 10000}, {"cid": "leninigorsk", "cnm": "Лениногорск", "lng": 52.44326, "lat": 54.596613, "rad": 4185}, {"cid": "lesosibirsk", "cnm": "Лесосибирск", "lng": 92.503666, "lat": 58.221728, "rad": 10000}, {"cid": "mihaylovka", "cnm": "Михайловка", "lng": 43.240083, "lat": 50.070928, "rad": 7949}, {"cid": "dmitrov", "cnm": "Дмитров", "lng": 37.520015, "lat": 56.344157, "rad": 6161}, {"cid": "tuapse", "cnm": "Туапсе", "lng": 39.073364, "lat": 44.095232, "rad": 5679}, {"cid": "rossosh", "cnm": "Россошь", "lng": 39.576502, "lat": 50.192864, "rad": 10000}, {"cid": "labinsk", "cnm": "Лабинск", "lng": 40.724459, "lat": 44.635387, "rad": 8055}, {"cid": "aleksandrov", "cnm": "Александров", "lng": 38.727621, "lat": 56.397774, "rad": 7470}, {"cid": "klintsy", "cnm": "Клинцы", "lng": 32.233861, "lat": 52.752816, "rad": 9689}, {"cid": "nerungri", "cnm": "Нерюнгри", "lng": 124.720315, "lat": 56.659948, "rad": 10000}, {"cid": "tixoretsk", "cnm": "Тихорецк", "lng": 40.125929, "lat": 45.85468, "rad": 4792}, {"cid": "kumertau", "cnm": "Кумертау", "lng": 55.796958, "lat": 52.756539, "rad": 6518}, {"cid": "rzhev", "cnm": "Ржев", "lng": 34.329065, "lat": 56.262877, "rad": 8596}, {"cid": "pavlovskiy-posad", "cnm": "Павловский Посад", "lng": 38.651318, "lat": 55.779393, "rad": 6615}, {"cid": "aleksin", "cnm": "Алексин", "lng": 37.06739, "lat": 54.503114, "rad": 5747}, {"cid": "revda", "cnm": "Ревда", "lng": 59.908682, "lat": 56.800074, "rad": 7788}, {"cid": "meleuz", "cnm": "Мелеуз", "lng": 55.92831, "lat": 52.958964, "rad": 5212}, {"cid": "salsk", "cnm": "Сальск", "lng": 41.541135, "lat": 46.475177, "rad": 7314}, {"cid": "buynaksk", "cnm": "Буйнакск", "lng": 47.116439, "lat": 42.821359, "rad": 4578}, {"cid": "chistopol", "cnm": "Чистополь", "lng": 50.643575, "lat": 55.372334, "rad": 4112}, {"cid": "pavlovo", "cnm": "Павлово", "lng": 43.06457, "lat": 55.964629, "rad": 6544}, {"cid": "belebey", "cnm": "Белебей", "lng": 54.111279, "lat": 54.103441, "rad": 6286}, {"cid": "chehov", "cnm": "Чехов", "lng": 37.466997, "lat": 55.149851, "rad": 4561}, {"cid": "gus-chrustalniy", "cnm": "Гусь-Хрустальный", "lng": 40.657902, "lat": 55.619818, "rad": 5124}, {"cid": "vsevolgsk", "cnm": "Всеволожск", "lng": 30.645577, "lat": 60.019041, "rad": 10000}, {"cid": "iskitim", "cnm": "Искитим", "lng": 83.306382, "lat": 54.642582, "rad": 10000}, {"cid": "kondrovo", "cnm": "Кондрово", "lng": 35.926647, "lat": 54.80743, "rad": 4050}, {"cid": "krasnorurinsk", "cnm": "Краснотурьинск", "lng": 60.193493, "lat": 59.763761, "rad": 10000}, {"cid": "apatity", "cnm": "Апатиты", "lng": 33.406737, "lat": 67.567797, "rad": 4887}, {"cid": "prohladny", "cnm": "Прохладный", "lng": 44.010146, "lat": 43.758962, "rad": 9705}, {"cid": "kogalym", "cnm": "Когалым", "lng": 74.482878, "lat": 62.263872, "rad": 10000}, {"cid": "svobodniy", "cnm": "Свободный", "lng": 128.134147, "lat": 51.375889, "rad": 8929}, {"cid": "anapa", "cnm": "Анапа", "lng": 37.316259, "lat": 44.894997, "rad": 7704}, {"cid": "tikhvin", "cnm": "Тихвин", "lng": 33.542096, "lat": 59.644209, "rad": 9189}, {"cid": "verhnyaya-pyshma", "cnm": "Верхняя Пышма", "lng": 60.564955, "lat": 56.975804, "rad": 6282}, {"cid": "tshekino", "cnm": "Щекино", "lng": 37.517626, "lat": 54.002146, "rad": 4906}, {"cid": "shuya", "cnm": "Шуя", "lng": 41.385556, "lat": 56.852037, "rad": 8281}, {"cid": "zhiguliovsk", "cnm": "Жигулёвск", "lng": 49.494441, "lat": 53.401226, "rad": 10000}, {"cid": "krymsk", "cnm": "Крымск", "lng": 37.985495, "lat": 44.934412, "rad": 5023}, {"cid": "ivanteevka", "cnm": "Ивантеевка", "lng": 37.917574, "lat": 55.97, "rad": 5680}, {"cid": "nyagan", "cnm": "Нягань", "lng": 65.433654, "lat": 62.145759, "rad": 8800}, {"cid": "solnechnogorsk", "cnm": "Солнечногорск", "lng": 36.976678, "lat": 56.185147, "rad": 5800}, {"cid": "arsenev", "cnm": "Арсеньев", "lng": 133.269726, "lat": 44.162084, "rad": 6651}, {"cid": "vidnoe", "cnm": "Видное", "lng": 37.708644, "lat": 55.557174, "rad": 5210}, {"cid": "vyksa", "cnm": "Выкса", "lng": 42.167961, "lat": 55.320683, "rad": 6470}, {"cid": "volodarsk", "cnm": "Володарск", "lng": 43.159729, "lat": 56.21695, "rad": 6135}, {"cid": "gorno-altaysk", "cnm": "Горно-Алтайск", "lng": 85.960373, "lat": 51.958182, "rad": 8092}, {"cid": "lisky", "cnm": "Лиски", "lng": 39.497764, "lat": 50.986969, "rad": 7247}, {"cid": "volzhsk", "cnm": "Волжск", "lng": 48.371574, "lat": 55.862333, "rad": 8783}, {"cid": "uzlovaya", "cnm": "Узловая", "lng": 38.160757, "lat": 53.978737, "rad": 8830}]