[
    {
        "coords": [
            [
                66.083963,
                76.680974
            ],
            [
                53.710564,
                91.687268
            ]
        ],
        "group": 10,
        "source": "noviy-urengoy",
        "target": "minusinsk"
    },
    {
        "coords": [
            [
                56.975804,
                60.564955
            ],
            [
                56.326887,
                44.005986
            ]
        ],
        "group": 13,
        "source": "verhnyaya-pyshma",
        "target": "nizhny-novgorod"
    },
    {
        "coords": [
            [
                53.361694,
                55.924627
            ],
            [
                55.75396,
                37.620393
            ]
        ],
        "group": 4,
        "source": "salavat",
        "target": "moscow"
    },
    {
        "coords": [
            [
                47.138235,
                39.750748
            ],
            [
                55.09524,
                38.765224
            ]
        ],
        "group": 12,
        "source": "bataysk",
        "target": "kolomna"
    },
    {
        "coords": [
            [
                55.75667,
                52.05446
            ],
            [
                55.855537,
                38.441058
            ]
        ],
        "group": 0,
        "source": "elabuga",
        "target": "noginsk"
    },
    {
        "coords": [
            [
                44.894997,
                37.316259
            ],
            [
                54.80743,
                35.926647
            ]
        ],
        "group": 5,
        "source": "anapa",
        "target": "kondrovo"
    },
    {
        "coords": [
            [
                58.048454,
                38.858433
            ],
            [
                54.735147,
                55.958727
            ]
        ],
        "group": 6,
        "source": "rybinsk",
        "target": "ufa"
    },
    {
        "coords": [
            [
                55.798551,
                49.106324
            ],
            [
                53.195522,
                50.101819
            ]
        ],
        "group": 8,
        "source": "kazan",
        "target": "samara"
    },
    {
        "coords": [
            [
                55.75396,
                37.620393
            ],
            [
                53.099469,
                49.947767
            ]
        ],
        "group": 3,
        "source": "moscow",
        "target": "novokuibishevsk"
    },
    {
        "coords": [
            [
                55.75396,
                37.620393
            ],
            [
                59.939095,
                30.315868
            ]
        ],
        "group": 3,
        "source": "moscow",
        "target": "saint-petersburg"
    },
    {
        "coords": [
            [
                55.75396,
                37.620393
            ],
            [
                56.326887,
                44.005986
            ]
        ],
        "group": 3,
        "source": "moscow",
        "target": "nizhny-novgorod"
    },
    {
        "coords": [
            [
                55.160026,
                61.40259
            ],
            [
                52.286387,
                104.28066
            ]
        ],
        "group": 9,
        "source": "chelyabinsk",
        "target": "irkutsk"
    },
    {
        "coords": [
            [
                55.160026,
                61.40259
            ],
            [
                59.939095,
                30.315868
            ]
        ],
        "group": 9,
        "source": "chelyabinsk",
        "target": "saint-petersburg"
    },
    {
        "coords": [
            [
                55.149851,
                37.466997
            ],
            [
                47.222531,
                39.718705
            ]
        ],
        "group": 1,
        "source": "chehov",
        "target": "rostov-na-donu"
    },
    {
        "coords": [
            [
                61.25297,
                46.633217
            ],
            [
                55.75396,
                37.620393
            ]
        ],
        "group": 14,
        "source": "kotlas",
        "target": "moscow"
    },
    {
        "coords": [
            [
                55.386666,
                43.815687
            ],
            [
                55.567321,
                38.225804
            ]
        ],
        "group": 2,
        "source": "arzamas",
        "target": "ramenskoe"
    },
    {
        "coords": [
            [
                54.989342,
                73.368212
            ],
            [
                53.195522,
                50.101819
            ]
        ],
        "group": 11,
        "source": "omsk",
        "target": "samara"
    },
    {
        "coords": [
            [
                54.989342,
                73.368212
            ],
            [
                55.798551,
                49.106324
            ]
        ],
        "group": 11,
        "source": "omsk",
        "target": "kazan"
    },
    {
        "coords": [
            [
                59.939095,
                30.315868
            ],
            [
                56.326887,
                44.005986
            ]
        ],
        "group": 7,
        "source": "saint-petersburg",
        "target": "nizhny-novgorod"
    }
]
