[
    {
        "cid": "moscow",
        "cnm": "\u041c\u043e\u0441\u043a\u0432\u0430",
        "group": 5,
        "lat": 55.75396,
        "lng": 37.620393,
        "rad": 10000
    },
    {
        "cid": "novosibirsk",
        "cnm": "\u041d\u043e\u0432\u043e\u0441\u0438\u0431\u0438\u0440\u0441\u043a",
        "lat": 55.030199,
        "lng": 82.92043,
        "rad": 10000
    },
    {
        "cid": "nizhny-novgorod",
        "cnm": "\u041d\u0438\u0436\u043d\u0438\u0439 \u041d\u043e\u0432\u0433\u043e\u0440\u043e\u0434",
        "lat": 56.326887,
        "lng": 44.005986,
        "rad": 10000
    },
    {
        "cid": "samara",
        "cnm": "\u0421\u0430\u043c\u0430\u0440\u0430",
        "lat": 53.195522,
        "lng": 50.101819,
        "rad": 10000
    },
    {
        "cid": "omsk",
        "cnm": "\u041e\u043c\u0441\u043a",
        "group": 13,
        "lat": 54.989342,
        "lng": 73.368212,
        "rad": 10000
    },
    {
        "cid": "kazan",
        "cnm": "\u041a\u0430\u0437\u0430\u043d\u044c",
        "group": 12,
        "lat": 55.798551,
        "lng": 49.106324,
        "rad": 10000
    },
    {
        "cid": "chelyabinsk",
        "cnm": "\u0427\u0435\u043b\u044f\u0431\u0438\u043d\u0441\u043a",
        "group": 0,
        "lat": 55.160026,
        "lng": 61.40259,
        "rad": 10000
    },
    {
        "cid": "rostov-na-donu",
        "cnm": "\u0420\u043e\u0441\u0442\u043e\u0432-\u043d\u0430-\u0414\u043e\u043d\u0443",
        "lat": 47.222531,
        "lng": 39.718705,
        "rad": 10000
    },
    {
        "cid": "ufa",
        "cnm": "\u0423\u0444\u0430",
        "lat": 54.735147,
        "lng": 55.958727,
        "rad": 10000
    },
    {
        "cid": "bataysk",
        "cnm": "\u0411\u0430\u0442\u0430\u0439\u0441\u043a",
        "group": 6,
        "lat": 47.138235,
        "lng": 39.750748,
        "rad": 9400
    },
    {
        "cid": "salavat",
        "cnm": "\u0421\u0430\u043b\u0430\u0432\u0430\u0442",
        "group": 8,
        "lat": 53.361694,
        "lng": 55.924627,
        "rad": 10000
    },
    {
        "cid": "chehov",
        "cnm": "\u0427\u0435\u0445\u043e\u0432",
        "group": 14,
        "lat": 55.149851,
        "lng": 37.466997,
        "rad": 4561
    },
    {
        "cid": "rybinsk",
        "cnm": "\u0420\u044b\u0431\u0438\u043d\u0441\u043a",
        "group": 4,
        "lat": 58.048454,
        "lng": 38.858433,
        "rad": 7646
    },
    {
        "cid": "ramenskoe",
        "cnm": "\u0420\u0430\u043c\u0435\u043d\u0441\u043a\u043e\u0435",
        "lat": 55.567321,
        "lng": 38.225804,
        "rad": 8239
    },
    {
        "cid": "noginsk",
        "cnm": "\u041d\u043e\u0433\u0438\u043d\u0441\u043a",
        "lat": 55.855537,
        "lng": 38.441058,
        "rad": 6865
    },
    {
        "cid": "kondrovo",
        "cnm": "\u041a\u043e\u043d\u0434\u0440\u043e\u0432\u043e",
        "group": 11,
        "lat": 54.80743,
        "lng": 35.926647,
        "rad": 4050
    },
    {
        "cid": "verhnyaya-pyshma",
        "cnm": "\u0412\u0435\u0440\u0445\u043d\u044f\u044f \u041f\u044b\u0448\u043c\u0430",
        "group": 1,
        "lat": 56.975804,
        "lng": 60.564955,
        "rad": 6282
    },
    {
        "cid": "novokuibishevsk",
        "cnm": "\u041d\u043e\u0432\u043e\u043a\u0443\u0439\u0431\u044b\u0448\u0435\u0432\u0441\u043a",
        "lat": 53.099469,
        "lng": 49.947767,
        "rad": 10000
    },
    {
        "cid": "irkutsk",
        "cnm": "\u0418\u0440\u043a\u0443\u0442\u0441\u043a",
        "lat": 52.286387,
        "lng": 104.28066,
        "rad": 10000
    },
    {
        "cid": "kotlas",
        "cnm": "\u041a\u043e\u0442\u043b\u0430\u0441",
        "group": 7,
        "lat": 61.25297,
        "lng": 46.633217,
        "rad": 7936
    },
    {
        "cid": "kolomna",
        "cnm": "\u041a\u043e\u043b\u043e\u043c\u043d\u0430",
        "lat": 55.09524,
        "lng": 38.765224,
        "rad": 6485
    },
    {
        "cid": "arzamas",
        "cnm": "\u0410\u0440\u0437\u0430\u043c\u0430\u0441",
        "group": 10,
        "lat": 55.386666,
        "lng": 43.815687,
        "rad": 5093
    },
    {
        "cid": "elabuga",
        "cnm": "\u0415\u043b\u0430\u0431\u0443\u0433\u0430",
        "group": 3,
        "lat": 55.75667,
        "lng": 52.05446,
        "rad": 7902
    },
    {
        "cid": "noviy-urengoy",
        "cnm": "\u041d\u043e\u0432\u044b\u0439 \u0423\u0440\u0435\u043d\u0433\u043e\u0439",
        "group": 9,
        "lat": 66.083963,
        "lng": 76.680974,
        "rad": 10000
    },
    {
        "cid": "anapa",
        "cnm": "\u0410\u043d\u0430\u043f\u0430",
        "lat": 44.894997,
        "lng": 37.316259,
        "rad": 7704
    },
    {
        "cid": "minusinsk",
        "cnm": "\u041c\u0438\u043d\u0443\u0441\u0438\u043d\u0441\u043a",
        "lat": 53.710564,
        "lng": 91.687268,
        "rad": 9585
    },
    {
        "cid": "abakan",
        "cnm": "\u0410\u0431\u0430\u043a\u0430\u043d",
        "lat": 53.721152,
        "lng": 91.442387,
        "rad": 10000
    },
    {
        "cid": "krasnodar",
        "cnm": "\u041a\u0440\u0430\u0441\u043d\u043e\u0434\u0430\u0440",
        "lat": 45.040216,
        "lng": 38.975996,
        "rad": 10000
    },
    {
        "cid": "berdsk",
        "cnm": "\u0411\u0435\u0440\u0434\u0441\u043a",
        "lat": 54.758288,
        "lng": 83.107135,
        "rad": 8324
    },
    {
        "cid": "belebey",
        "cnm": "\u0411\u0435\u043b\u0435\u0431\u0435\u0439",
        "lat": 54.103441,
        "lng": 54.111279,
        "rad": 6286
    },
    {
        "cid": "khabarovsk",
        "cnm": "\u0425\u0430\u0431\u0430\u0440\u043e\u0432\u0441\u043a",
        "lat": 48.480223,
        "lng": 135.071917,
        "rad": 10000
    },
    {
        "cid": "ussuriysk",
        "cnm": "\u0423\u0441\u0441\u0443\u0440\u0438\u0439\u0441\u043a",
        "lat": 43.797273,
        "lng": 131.95178,
        "rad": 10000
    },
    {
        "cid": "solnechnogorsk",
        "cnm": "\u0421\u043e\u043b\u043d\u0435\u0447\u043d\u043e\u0433\u043e\u0440\u0441\u043a",
        "lat": 56.185147,
        "lng": 36.976678,
        "rad": 5800
    },
    {
        "cid": "ust-ilimsk",
        "cnm": "\u0423\u0441\u0442\u044c-\u0418\u043b\u0438\u043c\u0441\u043a",
        "lat": 57.943039,
        "lng": 102.741523,
        "rad": 10000
    },
    {
        "cid": "murom",
        "cnm": "\u041c\u0443\u0440\u043e\u043c",
        "lat": 55.579169,
        "lng": 42.052411,
        "rad": 6838
    },
    {
        "cid": "yelets",
        "cnm": "\u0415\u043b\u0435\u0446",
        "lat": 52.619302,
        "lng": 38.499943,
        "rad": 7462
    },
    {
        "cid": "tula",
        "cnm": "\u0422\u0443\u043b\u0430",
        "lat": 54.193033,
        "lng": 37.617752,
        "rad": 10000
    },
    {
        "cid": "kaspiysk",
        "cnm": "\u041a\u0430\u0441\u043f\u0438\u0439\u0441\u043a",
        "lat": 42.891586,
        "lng": 47.636671,
        "rad": 5904
    },
    {
        "cid": "astrahan",
        "cnm": "\u0410\u0441\u0442\u0440\u0430\u0445\u0430\u043d\u044c",
        "lat": 46.347869,
        "lng": 48.033574,
        "rad": 10000
    },
    {
        "cid": "orehovo-zuevo",
        "cnm": "\u041e\u0440\u0435\u0445\u043e\u0432\u043e-\u0417\u0443\u0435\u0432\u043e",
        "lat": 55.809034,
        "lng": 38.978349,
        "rad": 6812
    },
    {
        "cid": "zheleznodorozhny",
        "cnm": "\u0416\u0435\u043b\u0435\u0437\u043d\u043e\u0434\u043e\u0440\u043e\u0436\u043d\u044b\u0439",
        "lat": 55.746436,
        "lng": 38.009049,
        "rad": 3172
    },
    {
        "cid": "mytischi",
        "cnm": "\u041c\u044b\u0442\u0438\u0449\u0438",
        "lat": 55.910503,
        "lng": 37.73633,
        "rad": 7944
    },
    {
        "cid": "pavlovo",
        "cnm": "\u041f\u0430\u0432\u043b\u043e\u0432\u043e",
        "lat": 55.964629,
        "lng": 43.06457,
        "rad": 6544
    },
    {
        "cid": "feodosia",
        "cnm": "\u0424\u0435\u043e\u0434\u043e\u0441\u0438\u044f",
        "lat": 45.031929,
        "lng": 35.382429,
        "rad": 5742
    },
    {
        "cid": "komsomolsk-at-amur",
        "cnm": "\u041a\u043e\u043c\u0441\u043e\u043c\u043e\u043b\u044c\u0441\u043a-\u043d\u0430-\u0410\u043c\u0443\u0440\u0435",
        "lat": 50.549923,
        "lng": 137.007948,
        "rad": 10000
    },
    {
        "cid": "buzuluk",
        "cnm": "\u0411\u0443\u0437\u0443\u043b\u0443\u043a",
        "lat": 52.788127,
        "lng": 52.262411,
        "rad": 8911
    },
    {
        "cid": "belgorod",
        "cnm": "\u0411\u0435\u043b\u0433\u043e\u0440\u043e\u0434",
        "lat": 50.59566,
        "lng": 36.587223,
        "rad": 10000
    },
    {
        "cid": "ivanovo",
        "cnm": "\u0418\u0432\u0430\u043d\u043e\u0432\u043e",
        "lat": 57.000348,
        "lng": 40.973921,
        "rad": 10000
    },
    {
        "cid": "pskov",
        "cnm": "\u041f\u0441\u043a\u043e\u0432",
        "lat": 57.819365,
        "lng": 28.331786,
        "rad": 7565
    },
    {
        "cid": "grozniy",
        "cnm": "\u0413\u0440\u043e\u0437\u043d\u044b\u0439",
        "lat": 43.317776,
        "lng": 45.694909,
        "rad": 10000
    },
    {
        "cid": "novoshahtinsk",
        "cnm": "\u041d\u043e\u0432\u043e\u0448\u0430\u0445\u0442\u0438\u043d\u0441\u043a",
        "lat": 47.757738,
        "lng": 39.93643,
        "rad": 10000
    },
    {
        "cid": "yekaterinburg",
        "cnm": "\u0415\u043a\u0430\u0442\u0435\u0440\u0438\u043d\u0431\u0443\u0440\u0433",
        "lat": 56.838607,
        "lng": 60.605514,
        "rad": 10000
    },
    {
        "cid": "naberezhnie-chelny",
        "cnm": "\u041d\u0430\u0431\u0435\u0440\u0435\u0436\u043d\u044b\u0435 \u0427\u0435\u043b\u043d\u044b",
        "lat": 55.743553,
        "lng": 52.39582,
        "rad": 10000
    },
    {
        "cid": "kolpino",
        "cnm": "\u041a\u043e\u043b\u043f\u0438\u043d\u043e",
        "lat": 59.746718,
        "lng": 30.595361,
        "rad": 10000
    },
    {
        "cid": "kropotkin",
        "cnm": "\u041a\u0440\u043e\u043f\u043e\u0442\u043a\u0438\u043d",
        "lat": 45.434686,
        "lng": 40.575994,
        "rad": 4915
    },
    {
        "cid": "angarsk",
        "cnm": "\u0410\u043d\u0433\u0430\u0440\u0441\u043a",
        "lat": 52.544889,
        "lng": 103.888456,
        "rad": 10000
    },
    {
        "cid": "birobidgan",
        "cnm": "\u0411\u0438\u0440\u043e\u0431\u0438\u0434\u0436\u0430\u043d",
        "lat": 48.794662,
        "lng": 132.921736,
        "rad": 8334
    },
    {
        "cid": "asbest",
        "cnm": "\u0410\u0441\u0431\u0435\u0441\u0442",
        "lat": 57.005274,
        "lng": 61.458114,
        "rad": 8512
    },
    {
        "cid": "gatchina",
        "cnm": "\u0413\u0430\u0442\u0447\u0438\u043d\u0430",
        "lat": 59.565155,
        "lng": 30.128165,
        "rad": 7735
    },
    {
        "cid": "yaroslavl",
        "cnm": "\u042f\u0440\u043e\u0441\u043b\u0430\u0432\u043b\u044c",
        "lat": 57.626549,
        "lng": 39.893885,
        "rad": 10000
    },
    {
        "cid": "taganrog",
        "cnm": "\u0422\u0430\u0433\u0430\u043d\u0440\u043e\u0433",
        "lat": 47.20958,
        "lng": 38.935194,
        "rad": 10000
    },
    {
        "cid": "nevinnomissk",
        "cnm": "\u041d\u0435\u0432\u0438\u043d\u043d\u043e\u043c\u044b\u0441\u0441\u043a",
        "lat": 44.638287,
        "lng": 41.936061,
        "rad": 7308
    },
    {
        "cid": "vyksa",
        "cnm": "\u0412\u044b\u043a\u0441\u0430",
        "lat": 55.320683,
        "lng": 42.167961,
        "rad": 6470
    },
    {
        "cid": "saransk",
        "cnm": "\u0421\u0430\u0440\u0430\u043d\u0441\u043a",
        "lat": 54.187211,
        "lng": 45.183642,
        "rad": 9333
    },
    {
        "cid": "berezniki",
        "cnm": "\u0411\u0435\u0440\u0435\u0437\u043d\u0438\u043a\u0438",
        "lat": 59.407922,
        "lng": 56.804015,
        "rad": 10000
    },
    {
        "cid": "novotroitsk",
        "cnm": "\u041d\u043e\u0432\u043e\u0442\u0440\u043e\u0438\u0446\u043a",
        "lat": 51.196445,
        "lng": 58.30174,
        "rad": 6136
    },
    {
        "cid": "michurinsk",
        "cnm": "\u041c\u0438\u0447\u0443\u0440\u0438\u043d\u0441\u043a",
        "lat": 52.89388,
        "lng": 40.497957,
        "rad": 8606
    },
    {
        "cid": "uhta",
        "cnm": "\u0423\u0445\u0442\u0430",
        "lat": 63.562626,
        "lng": 53.684022,
        "rad": 10000
    },
    {
        "cid": "lisky",
        "cnm": "\u041b\u0438\u0441\u043a\u0438",
        "lat": 50.986969,
        "lng": 39.497764,
        "rad": 7247
    },
    {
        "cid": "makhachkala",
        "cnm": "\u041c\u0430\u0445\u0430\u0447\u043a\u0430\u043b\u0430",
        "lat": 42.98306,
        "lng": 47.504682,
        "rad": 9633
    },
    {
        "cid": "saint-petersburg",
        "cnm": "\u0421\u0430\u043d\u043a\u0442-\u041f\u0435\u0442\u0435\u0440\u0431\u0443\u0440\u0433",
        "group": 2,
        "lat": 59.939095,
        "lng": 30.315868,
        "rad": 10000
    },
    {
        "cid": "klin",
        "cnm": "\u041a\u043b\u0438\u043d",
        "lat": 56.331693,
        "lng": 36.728716,
        "rad": 9303
    },
    {
        "cid": "klintsy",
        "cnm": "\u041a\u043b\u0438\u043d\u0446\u044b",
        "lat": 52.752816,
        "lng": 32.233861,
        "rad": 9689
    },
    {
        "cid": "evpatoria",
        "cnm": "\u0415\u0432\u043f\u0430\u0442\u043e\u0440\u0438\u044f",
        "lat": 45.190445,
        "lng": 33.366861,
        "rad": 5324
    },
    {
        "cid": "leninigorsk",
        "cnm": "\u041b\u0435\u043d\u0438\u043d\u043e\u0433\u043e\u0440\u0441\u043a",
        "lat": 54.596613,
        "lng": 52.44326,
        "rad": 4185
    },
    {
        "cid": "sevastopol",
        "cnm": "\u0421\u0435\u0432\u0430\u0441\u0442\u043e\u043f\u043e\u043b\u044c",
        "lat": 44.616687,
        "lng": 33.525432,
        "rad": 10000
    },
    {
        "cid": "glazov",
        "cnm": "\u0413\u043b\u0430\u0437\u043e\u0432",
        "lat": 58.140815,
        "lng": 52.674181,
        "rad": 5980
    },
    {
        "cid": "bor",
        "cnm": "\u0411\u043e\u0440",
        "lat": 56.356517,
        "lng": 44.064575,
        "rad": 10000
    },
    {
        "cid": "gus-chrustalniy",
        "cnm": "\u0413\u0443\u0441\u044c-\u0425\u0440\u0443\u0441\u0442\u0430\u043b\u044c\u043d\u044b\u0439",
        "lat": 55.619818,
        "lng": 40.657902,
        "rad": 5124
    },
    {
        "cid": "domodedovo",
        "cnm": "\u0414\u043e\u043c\u043e\u0434\u0435\u0434\u043e\u0432\u043e",
        "lat": 55.437112,
        "lng": 37.768049,
        "rad": 10000
    },
    {
        "cid": "kineshma",
        "cnm": "\u041a\u0438\u043d\u0435\u0448\u043c\u0430",
        "lat": 57.442544,
        "lng": 42.168923,
        "rad": 7508
    },
    {
        "cid": "kaluga",
        "cnm": "\u041a\u0430\u043b\u0443\u0433\u0430",
        "lat": 54.507014,
        "lng": 36.252277,
        "rad": 10000
    },
    {
        "cid": "kumertau",
        "cnm": "\u041a\u0443\u043c\u0435\u0440\u0442\u0430\u0443",
        "lat": 52.756539,
        "lng": 55.796958,
        "rad": 6518
    },
    {
        "cid": "surgut",
        "cnm": "\u0421\u0443\u0440\u0433\u0443\u0442",
        "lat": 61.254052,
        "lng": 73.396204,
        "rad": 8744
    },
    {
        "cid": "vyborg",
        "cnm": "\u0412\u044b\u0431\u043e\u0440\u0433",
        "lat": 60.710232,
        "lng": 28.749404,
        "rad": 10000
    },
    {
        "cid": "iskitim",
        "cnm": "\u0418\u0441\u043a\u0438\u0442\u0438\u043c",
        "lat": 54.642582,
        "lng": 83.306382,
        "rad": 10000
    },
    {
        "cid": "reutov",
        "cnm": "\u0420\u0435\u0443\u0442\u043e\u0432",
        "lat": 55.760515,
        "lng": 37.855141,
        "rad": 3129
    },
    {
        "cid": "cherkessk",
        "cnm": "\u0427\u0435\u0440\u043a\u0435\u0441\u0441\u043a",
        "lat": 44.226863,
        "lng": 42.04677,
        "rad": 8181
    },
    {
        "cid": "magadan",
        "cnm": "\u041c\u0430\u0433\u0430\u0434\u0430\u043d",
        "lat": 59.568164,
        "lng": 150.808541,
        "rad": 10000
    }
]