[{"group": 0, "coords": [[55.75396, 37.620393], [53.195522, 50.101819]], "target": "samara", "source": "moscow"}, {"group": 0, "coords": [[55.75396, 37.620393], [54.596613, 52.44326]], "target": "leninigorsk", "source": "moscow"}, {"group": 0, "coords": [[53.195522, 50.101819], [44.226863, 42.04677]], "target": "cherkessk", "source": "samara"}, {"group": 0, "coords": [[53.195522, 50.101819], [54.642582, 83.306382]], "target": "iskitim", "source": "samara"}, {"group": 0, "coords": [[54.596613, 52.44326], [43.797273, 131.95178]], "target": "ussuriysk", "source": "leninigorsk"}, {"group": 0, "coords": [[43.797273, 131.95178], [46.347869, 48.033574]], "target": "astrahan", "source": "ussuriysk"}, {"group": 0, "coords": [[46.347869, 48.033574], [54.103441, 54.111279]], "target": "belebey", "source": "astrahan"}, {"group": 0, "coords": [[54.103441, 54.111279], [58.140815, 52.674181]], "target": "glazov", "source": "belebey"}, {"group": 0, "coords": [[58.140815, 52.674181], [60.710232, 28.749404]], "target": "vyborg", "source": "glazov"}, {"group": 0, "coords": [[60.710232, 28.749404], [56.331693, 36.728716]], "target": "klin", "source": "vyborg"}, {"group": 0, "coords": [[56.331693, 36.728716], [53.361694, 55.924627]], "target": "salavat", "source": "klin"}, {"group": 0, "coords": [[53.361694, 55.924627], [48.480223, 135.071917]], "target": "khabarovsk", "source": "salavat"}, {"group": 0, "coords": [[48.480223, 135.071917], [44.894997, 37.316259]], "target": "anapa", "source": "khabarovsk"}, {"group": 0, "coords": [[44.894997, 37.316259], [55.437112, 37.768049]], "target": "domodedovo", "source": "anapa"}, {"group": 0, "coords": [[55.437112, 37.768049], [52.619302, 38.499943]], "target": "yelets", "source": "domodedovo"}, {"group": 1, "coords": [[55.798551, 49.106324], [60.710232, 28.749404]], "target": "vyborg", "source": "kazan"}, {"group": 1, "coords": [[55.798551, 49.106324], [57.943039, 102.741523]], "target": "ust-ilimsk", "source": "kazan"}, {"group": 1, "coords": [[55.798551, 49.106324], [55.743553, 52.39582]], "target": "naberezhnie-chelny", "source": "kazan"}, {"group": 1, "coords": [[55.798551, 49.106324], [61.254052, 73.396204]], "target": "surgut", "source": "kazan"}, {"group": 1, "coords": [[55.798551, 49.106324], [55.030199, 82.92043]], "target": "novosibirsk", "source": "kazan"}, {"group": 1, "coords": [[55.743553, 52.39582], [52.89388, 40.497957]], "target": "michurinsk", "source": "naberezhnie-chelny"}, {"group": 1, "coords": [[52.89388, 40.497957], [57.442544, 42.168923]], "target": "kineshma", "source": "michurinsk"}, {"group": 1, "coords": [[57.442544, 42.168923], [58.140815, 52.674181]], "target": "glazov", "source": "kineshma"}, {"group": 1, "coords": [[58.140815, 52.674181], [59.568164, 150.808541]], "target": "magadan", "source": "glazov"}, {"group": 1, "coords": [[59.568164, 150.808541], [59.407922, 56.804015]], "target": "berezniki", "source": "magadan"}, {"group": 1, "coords": [[59.407922, 56.804015], [57.819365, 28.331786]], "target": "pskov", "source": "berezniki"}, {"group": 2, "coords": [[54.80743, 35.926647], [55.910503, 37.73633]], "target": "mytischi", "source": "kondrovo"}, {"group": 2, "coords": [[54.80743, 35.926647], [50.986969, 39.497764]], "target": "lisky", "source": "kondrovo"}, {"group": 2, "coords": [[54.80743, 35.926647], [61.25297, 46.633217]], "target": "kotlas", "source": "kondrovo"}, {"group": 2, "coords": [[54.80743, 35.926647], [55.964629, 43.06457]], "target": "pavlovo", "source": "kondrovo"}, {"group": 2, "coords": [[61.25297, 46.633217], [52.619302, 38.499943]], "target": "yelets", "source": "kotlas"}, {"group": 2, "coords": [[52.619302, 38.499943], [55.437112, 37.768049]], "target": "domodedovo", "source": "yelets"}, {"group": 2, "coords": [[55.437112, 37.768049], [57.000348, 40.973921]], "target": "ivanovo", "source": "domodedovo"}, {"group": 2, "coords": [[57.000348, 40.973921], [48.794662, 132.921736]], "target": "birobidgan", "source": "ivanovo"}, {"group": 2, "coords": [[48.794662, 132.921736], [55.746436, 38.009049]], "target": "zheleznodorozhny", "source": "birobidgan"}, {"group": 2, "coords": [[55.746436, 38.009049], [54.103441, 54.111279]], "target": "belebey", "source": "zheleznodorozhny"}, {"group": 2, "coords": [[54.103441, 54.111279], [42.891586, 47.636671]], "target": "kaspiysk", "source": "belebey"}, {"group": 3, "coords": [[54.735147, 55.958727], [53.710564, 91.687268]], "target": "minusinsk", "source": "ufa"}, {"group": 3, "coords": [[54.735147, 55.958727], [53.361694, 55.924627]], "target": "salavat", "source": "ufa"}, {"group": 3, "coords": [[53.361694, 55.924627], [47.757738, 39.93643]], "target": "novoshahtinsk", "source": "salavat"}, {"group": 3, "coords": [[47.757738, 39.93643], [52.788127, 52.262411]], "target": "buzuluk", "source": "novoshahtinsk"}, {"group": 3, "coords": [[52.788127, 52.262411], [56.326887, 44.005986]], "target": "nizhny-novgorod", "source": "buzuluk"}, {"group": 4, "coords": [[56.975804, 60.564955], [57.626549, 39.893885]], "target": "yaroslavl", "source": "verhnyaya-pyshma"}, {"group": 4, "coords": [[56.975804, 60.564955], [57.005274, 61.458114]], "target": "asbest", "source": "verhnyaya-pyshma"}, {"group": 4, "coords": [[56.975804, 60.564955], [42.891586, 47.636671]], "target": "kaspiysk", "source": "verhnyaya-pyshma"}, {"group": 4, "coords": [[57.626549, 39.893885], [52.544889, 103.888456]], "target": "angarsk", "source": "yaroslavl"}, {"group": 4, "coords": [[52.544889, 103.888456], [52.752816, 32.233861]], "target": "klintsy", "source": "angarsk"}, {"group": 4, "coords": [[52.752816, 32.233861], [54.103441, 54.111279]], "target": "belebey", "source": "klintsy"}, {"group": 4, "coords": [[54.103441, 54.111279], [55.09524, 38.765224]], "target": "kolomna", "source": "belebey"}]