[{"id":1,"first_name":"Carena","last_name":"Harlow","email":"charlow0@wufoo.com","gender":"Female","count":894,"avatar":"http://dummyimage.com/148x213.png/cc0000/ffffff"},
{"id":2,"first_name":"Herbie","last_name":"Graddell","email":"hgraddell1@hostgator.com","gender":"Male","count":823,"avatar":"http://dummyimage.com/137x229.png/cc0000/ffffff"},
{"id":3,"first_name":"Ulysses","last_name":"Cattemull","email":"ucattemull2@guardian.co.uk","gender":"Male","count":299,"avatar":"http://dummyimage.com/160x231.png/ff4444/ffffff"},
{"id":4,"first_name":"Norene","last_name":"Richen","email":"nrichen3@home.pl","gender":"Female","count":620,"avatar":"http://dummyimage.com/131x116.png/5fa2dd/ffffff"},
{"id":5,"first_name":"Ashly","last_name":"Rowlinson","email":"arowlinson4@tripadvisor.com","gender":"Female","count":651,"avatar":"http://dummyimage.com/177x111.png/dddddd/000000"},
{"id":6,"first_name":"Cristi","last_name":"Antoniewicz","email":"cantoniewicz5@state.gov","gender":"Female","count":750,"avatar":"http://dummyimage.com/166x160.png/cc0000/ffffff"},
{"id":7,"first_name":"Carlita","last_name":"Caffin","email":"ccaffin6@chronoengine.com","gender":"Female","count":113,"avatar":"http://dummyimage.com/102x128.png/5fa2dd/ffffff"},
{"id":8,"first_name":"Ira","last_name":"Morforth","email":"imorforth7@wisc.edu","gender":"Female","count":991,"avatar":"http://dummyimage.com/123x129.png/cc0000/ffffff"},
{"id":9,"first_name":"Yardley","last_name":"Meron","email":"ymeron8@indiegogo.com","gender":"Male","count":37,"avatar":"http://dummyimage.com/218x135.png/cc0000/ffffff"},
{"id":10,"first_name":"Ase","last_name":"Occleshaw","email":"aoccleshaw9@storify.com","gender":"Male","count":273,"avatar":"http://dummyimage.com/214x143.png/5fa2dd/ffffff"},
{"id":11,"first_name":"Lowrance","last_name":"Sedgman","email":"lsedgmana@creativecommons.org","gender":"Male","count":533,"avatar":"http://dummyimage.com/114x131.png/ff4444/ffffff"},
{"id":12,"first_name":"Derward","last_name":"Idenden","email":"didendenb@foxnews.com","gender":"Male","count":431,"avatar":"http://dummyimage.com/209x187.png/cc0000/ffffff"},
{"id":13,"first_name":"Rusty","last_name":"Filyashin","email":"rfilyashinc@rakuten.co.jp","gender":"Male","count":514,"avatar":"http://dummyimage.com/160x116.png/ff4444/ffffff"},
{"id":14,"first_name":"Amelina","last_name":"Ferrolli","email":"aferrollid@blogtalkradio.com","gender":"Female","count":681,"avatar":"http://dummyimage.com/188x101.png/5fa2dd/ffffff"},
{"id":15,"first_name":"Lamont","last_name":"McAreavey","email":"lmcareaveye@seesaa.net","gender":"Male","count":456,"avatar":"http://dummyimage.com/237x126.png/ff4444/ffffff"},
{"id":16,"first_name":"Humphrey","last_name":"Chaimson","email":"hchaimsonf@army.mil","gender":"Male","count":507,"avatar":"http://dummyimage.com/110x129.png/dddddd/000000"},
{"id":17,"first_name":"Amory","last_name":"Forrester","email":"aforresterg@blog.com","gender":"Male","count":409,"avatar":"http://dummyimage.com/188x227.png/5fa2dd/ffffff"},
{"id":18,"first_name":"Geri","last_name":"Mewett","email":"gmewetth@taobao.com","gender":"Male","count":819,"avatar":"http://dummyimage.com/157x111.png/5fa2dd/ffffff"},
{"id":19,"first_name":"Linnea","last_name":"Danett","email":"ldanetti@vinaora.com","gender":"Female","count":135,"avatar":"http://dummyimage.com/121x217.png/5fa2dd/ffffff"},
{"id":20,"first_name":"Lia","last_name":"Barlass","email":"lbarlassj@icio.us","gender":"Female","count":460,"avatar":"http://dummyimage.com/152x211.png/dddddd/000000"},
{"id":21,"first_name":"Karita","last_name":"Ivison","email":"kivisonk@wikia.com","gender":"Female","count":306,"avatar":"http://dummyimage.com/132x193.png/ff4444/ffffff"},
{"id":22,"first_name":"Cori","last_name":"Jolley","email":"cjolleyl@nyu.edu","gender":"Male","count":851,"avatar":"http://dummyimage.com/246x135.png/5fa2dd/ffffff"},
{"id":23,"first_name":"Kayne","last_name":"Hassan","email":"khassanm@i2i.jp","gender":"Male","count":293,"avatar":"http://dummyimage.com/183x134.png/ff4444/ffffff"},
{"id":24,"first_name":"Pamelina","last_name":"Soldan","email":"psoldann@ed.gov","gender":"Female","count":914,"avatar":"http://dummyimage.com/152x183.png/5fa2dd/ffffff"},
{"id":25,"first_name":"Shannan","last_name":"Hearn","email":"shearno@tiny.cc","gender":"Male","count":354,"avatar":"http://dummyimage.com/201x129.png/ff4444/ffffff"},
{"id":26,"first_name":"Alva","last_name":"Trebilcock","email":"atrebilcockp@issuu.com","gender":"Male","count":466,"avatar":"http://dummyimage.com/174x204.png/5fa2dd/ffffff"},
{"id":27,"first_name":"Elvina","last_name":"Woolmington","email":"ewoolmingtonq@ovh.net","gender":"Female","count":361,"avatar":"http://dummyimage.com/162x181.png/dddddd/000000"},
{"id":28,"first_name":"Dollie","last_name":"Hesbrook","email":"dhesbrookr@biblegateway.com","gender":"Female","count":931,"avatar":"http://dummyimage.com/163x136.png/cc0000/ffffff"},
{"id":29,"first_name":"Elyssa","last_name":"Borres","email":"eborress@issuu.com","gender":"Female","count":212,"avatar":"http://dummyimage.com/183x145.png/cc0000/ffffff"},
{"id":30,"first_name":"Padget","last_name":"Jukubczak","email":"pjukubczakt@hubpages.com","gender":"Male","count":290,"avatar":"http://dummyimage.com/143x177.png/5fa2dd/ffffff"},
{"id":31,"first_name":"Waylon","last_name":"Crasford","email":"wcrasfordu@virginia.edu","gender":"Male","count":852,"avatar":"http://dummyimage.com/237x175.png/5fa2dd/ffffff"},
{"id":32,"first_name":"Ximenez","last_name":"Rylance","email":"xrylancev@mozilla.com","gender":"Male","count":624,"avatar":"http://dummyimage.com/154x245.png/5fa2dd/ffffff"},
{"id":33,"first_name":"Merissa","last_name":"Larter","email":"mlarterw@techcrunch.com","gender":"Female","count":668,"avatar":"http://dummyimage.com/173x216.png/5fa2dd/ffffff"},
{"id":34,"first_name":"Isidoro","last_name":"Larway","email":"ilarwayx@meetup.com","gender":"Male","count":766,"avatar":"http://dummyimage.com/222x230.png/5fa2dd/ffffff"},
{"id":35,"first_name":"Tiertza","last_name":"Scase","email":"tscasey@sourceforge.net","gender":"Female","count":611,"avatar":"http://dummyimage.com/145x122.png/dddddd/000000"},
{"id":36,"first_name":"Amby","last_name":"St. Clair","email":"astclairz@clickbank.net","gender":"Male","count":401,"avatar":"http://dummyimage.com/118x196.png/cc0000/ffffff"},
{"id":37,"first_name":"Stillman","last_name":"Whitesel","email":"swhitesel10@yahoo.com","gender":"Male","count":909,"avatar":"http://dummyimage.com/241x163.png/cc0000/ffffff"},
{"id":38,"first_name":"Isaac","last_name":"Adao","email":"iadao11@pbs.org","gender":"Male","count":717,"avatar":"http://dummyimage.com/248x149.png/dddddd/000000"},
{"id":39,"first_name":"Forester","last_name":"Allin","email":"fallin12@over-blog.com","gender":"Male","count":616,"avatar":"http://dummyimage.com/169x207.png/ff4444/ffffff"},
{"id":40,"first_name":"Barty","last_name":"Aspinal","email":"baspinal13@yahoo.com","gender":"Male","count":204,"avatar":"http://dummyimage.com/118x241.png/5fa2dd/ffffff"},
{"id":41,"first_name":"Leonidas","last_name":"Ricard","email":"lricard14@intel.com","gender":"Male","count":899,"avatar":"http://dummyimage.com/112x193.png/5fa2dd/ffffff"},
{"id":42,"first_name":"Quinlan","last_name":"Evershed","email":"qevershed15@homestead.com","gender":"Male","count":218,"avatar":"http://dummyimage.com/138x154.png/dddddd/000000"},
{"id":43,"first_name":"Sharona","last_name":"Fricker","email":"sfricker16@istockphoto.com","gender":"Female","count":208,"avatar":"http://dummyimage.com/165x175.png/dddddd/000000"},
{"id":44,"first_name":"Davy","last_name":"Dog","email":"ddog17@techcrunch.com","gender":"Male","count":258,"avatar":"http://dummyimage.com/244x145.png/ff4444/ffffff"},
{"id":45,"first_name":"Kaleena","last_name":"Lorden","email":"klorden18@cnet.com","gender":"Female","count":310,"avatar":"http://dummyimage.com/245x231.png/ff4444/ffffff"},
{"id":46,"first_name":"Christophorus","last_name":"Wethered","email":"cwethered19@omniture.com","gender":"Male","count":693,"avatar":"http://dummyimage.com/212x154.png/cc0000/ffffff"},
{"id":47,"first_name":"Nikos","last_name":"Leas","email":"nleas1a@chron.com","gender":"Male","count":923,"avatar":"http://dummyimage.com/180x166.png/ff4444/ffffff"},
{"id":48,"first_name":"Rosemonde","last_name":"Odde","email":"rodde1b@umn.edu","gender":"Female","count":325,"avatar":"http://dummyimage.com/107x101.png/cc0000/ffffff"},
{"id":49,"first_name":"Mirabella","last_name":"Bach","email":"mbach1c@addthis.com","gender":"Female","count":587,"avatar":"http://dummyimage.com/241x125.png/cc0000/ffffff"},
{"id":50,"first_name":"Norbie","last_name":"Matschuk","email":"nmatschuk1d@vimeo.com","gender":"Male","count":453,"avatar":"http://dummyimage.com/242x140.png/dddddd/000000"},
{"id":51,"first_name":"Ogdan","last_name":"Heistermann","email":"oheistermann1e@sourceforge.net","gender":"Male","count":478,"avatar":"http://dummyimage.com/103x159.png/ff4444/ffffff"},
{"id":52,"first_name":"Gerald","last_name":"Nelles","email":"gnelles1f@devhub.com","gender":"Male","count":287,"avatar":"http://dummyimage.com/237x116.png/ff4444/ffffff"},
{"id":53,"first_name":"Nancy","last_name":"Clutton","email":"nclutton1g@naver.com","gender":"Female","count":112,"avatar":"http://dummyimage.com/208x242.png/ff4444/ffffff"},
{"id":54,"first_name":"Lucilia","last_name":"Danovich","email":"ldanovich1h@meetup.com","gender":"Female","count":337,"avatar":"http://dummyimage.com/208x216.png/5fa2dd/ffffff"},
{"id":55,"first_name":"Wilton","last_name":"Clifford","email":"wclifford1i@comcast.net","gender":"Male","count":77,"avatar":"http://dummyimage.com/228x175.png/ff4444/ffffff"},
{"id":56,"first_name":"Sarajane","last_name":"Ridoutt","email":"sridoutt1j@theglobeandmail.com","gender":"Female","count":518,"avatar":"http://dummyimage.com/169x165.png/5fa2dd/ffffff"},
{"id":57,"first_name":"Reinhard","last_name":"Shepheard","email":"rshepheard1k@exblog.jp","gender":"Male","count":571,"avatar":"http://dummyimage.com/223x118.png/5fa2dd/ffffff"},
{"id":58,"first_name":"Joanna","last_name":"Applegate","email":"japplegate1l@biglobe.ne.jp","gender":"Female","count":819,"avatar":"http://dummyimage.com/179x200.png/ff4444/ffffff"},
{"id":59,"first_name":"Palm","last_name":"Eakens","email":"peakens1m@rakuten.co.jp","gender":"Male","count":129,"avatar":"http://dummyimage.com/223x171.png/5fa2dd/ffffff"},
{"id":60,"first_name":"Farrand","last_name":"Laydel","email":"flaydel1n@shareasale.com","gender":"Female","count":375,"avatar":"http://dummyimage.com/120x104.png/5fa2dd/ffffff"},
{"id":61,"first_name":"Brigit","last_name":"Ashtonhurst","email":"bashtonhurst1o@xrea.com","gender":"Female","count":56,"avatar":"http://dummyimage.com/238x179.png/ff4444/ffffff"},
{"id":62,"first_name":"Minda","last_name":"Klampt","email":"mklampt1p@freewebs.com","gender":"Female","count":661,"avatar":"http://dummyimage.com/207x185.png/5fa2dd/ffffff"},
{"id":63,"first_name":"Chicky","last_name":"Janjusevic","email":"cjanjusevic1q@yale.edu","gender":"Male","count":388,"avatar":"http://dummyimage.com/250x228.png/5fa2dd/ffffff"},
{"id":64,"first_name":"Margareta","last_name":"Digg","email":"mdigg1r@tumblr.com","gender":"Female","count":838,"avatar":"http://dummyimage.com/195x225.png/ff4444/ffffff"},
{"id":65,"first_name":"Gloriana","last_name":"Godilington","email":"ggodilington1s@usgs.gov","gender":"Female","count":642,"avatar":"http://dummyimage.com/247x221.png/ff4444/ffffff"},
{"id":66,"first_name":"Hortense","last_name":"Milverton","email":"hmilverton1t@netvibes.com","gender":"Female","count":697,"avatar":"http://dummyimage.com/136x181.png/5fa2dd/ffffff"},
{"id":67,"first_name":"Silvio","last_name":"Campelli","email":"scampelli1u@army.mil","gender":"Male","count":116,"avatar":"http://dummyimage.com/205x173.png/5fa2dd/ffffff"},
{"id":68,"first_name":"Violetta","last_name":"Gingell","email":"vgingell1v@tiny.cc","gender":"Female","count":843,"avatar":"http://dummyimage.com/161x132.png/5fa2dd/ffffff"},
{"id":69,"first_name":"Basilio","last_name":"Kimmings","email":"bkimmings1w@youtu.be","gender":"Male","count":532,"avatar":"http://dummyimage.com/214x190.png/dddddd/000000"},
{"id":70,"first_name":"Arlan","last_name":"Doak","email":"adoak1x@auda.org.au","gender":"Male","count":171,"avatar":"http://dummyimage.com/154x208.png/cc0000/ffffff"},
{"id":71,"first_name":"Justino","last_name":"Humpherston","email":"jhumpherston1y@barnesandnoble.com","gender":"Male","count":390,"avatar":"http://dummyimage.com/158x184.png/5fa2dd/ffffff"},
{"id":72,"first_name":"Chrotoem","last_name":"D'Onisi","email":"cdonisi1z@ezinearticles.com","gender":"Male","count":570,"avatar":"http://dummyimage.com/130x193.png/5fa2dd/ffffff"},
{"id":73,"first_name":"Magdalene","last_name":"Huegett","email":"mhuegett20@wufoo.com","gender":"Female","count":956,"avatar":"http://dummyimage.com/218x144.png/5fa2dd/ffffff"},
{"id":74,"first_name":"Vite","last_name":"Southam","email":"vsoutham21@newsvine.com","gender":"Male","count":952,"avatar":"http://dummyimage.com/196x250.png/dddddd/000000"},
{"id":75,"first_name":"Jodee","last_name":"Wear","email":"jwear22@trellian.com","gender":"Female","count":402,"avatar":"http://dummyimage.com/216x136.png/ff4444/ffffff"},
{"id":76,"first_name":"Orazio","last_name":"Bande","email":"obande23@kickstarter.com","gender":"Male","count":659,"avatar":"http://dummyimage.com/202x163.png/dddddd/000000"},
{"id":77,"first_name":"Randal","last_name":"Shepton","email":"rshepton24@tripod.com","gender":"Male","count":588,"avatar":"http://dummyimage.com/102x145.png/cc0000/ffffff"},
{"id":78,"first_name":"Dareen","last_name":"Cockill","email":"dcockill25@mail.ru","gender":"Female","count":415,"avatar":"http://dummyimage.com/145x230.png/dddddd/000000"},
{"id":79,"first_name":"Aleece","last_name":"Saggs","email":"asaggs26@t.co","gender":"Female","count":586,"avatar":"http://dummyimage.com/239x112.png/dddddd/000000"},
{"id":80,"first_name":"Cobb","last_name":"Giannotti","email":"cgiannotti27@google.de","gender":"Male","count":858,"avatar":"http://dummyimage.com/198x151.png/5fa2dd/ffffff"},
{"id":81,"first_name":"Waylon","last_name":"Biasotti","email":"wbiasotti28@soup.io","gender":"Male","count":760,"avatar":"http://dummyimage.com/248x107.png/ff4444/ffffff"},
{"id":82,"first_name":"Alexandrina","last_name":"Wixey","email":"awixey29@weather.com","gender":"Female","count":473,"avatar":"http://dummyimage.com/129x164.png/cc0000/ffffff"},
{"id":83,"first_name":"Rochell","last_name":"Pyne","email":"rpyne2a@gmpg.org","gender":"Female","count":459,"avatar":"http://dummyimage.com/124x155.png/ff4444/ffffff"},
{"id":84,"first_name":"Ivett","last_name":"Ind","email":"iind2b@weather.com","gender":"Female","count":88,"avatar":"http://dummyimage.com/154x212.png/ff4444/ffffff"},
{"id":85,"first_name":"Lainey","last_name":"Feldhammer","email":"lfeldhammer2c@ucsd.edu","gender":"Female","count":943,"avatar":"http://dummyimage.com/111x113.png/cc0000/ffffff"},
{"id":86,"first_name":"Jarad","last_name":"Blofield","email":"jblofield2d@example.com","gender":"Male","count":659,"avatar":"http://dummyimage.com/104x223.png/cc0000/ffffff"},
{"id":87,"first_name":"Kari","last_name":"Grigoryev","email":"kgrigoryev2e@businessweek.com","gender":"Female","count":48,"avatar":"http://dummyimage.com/245x209.png/ff4444/ffffff"},
{"id":88,"first_name":"Itch","last_name":"D'Almeida","email":"idalmeida2f@unblog.fr","gender":"Male","count":370,"avatar":"http://dummyimage.com/171x128.png/ff4444/ffffff"},
{"id":89,"first_name":"Aurore","last_name":"MacGilmartin","email":"amacgilmartin2g@wp.com","gender":"Female","count":429,"avatar":"http://dummyimage.com/222x249.png/dddddd/000000"},
{"id":90,"first_name":"Edythe","last_name":"Gayter","email":"egayter2h@addtoany.com","gender":"Female","count":688,"avatar":"http://dummyimage.com/131x240.png/5fa2dd/ffffff"},
{"id":91,"first_name":"Larina","last_name":"Forst","email":"lforst2i@soundcloud.com","gender":"Female","count":835,"avatar":"http://dummyimage.com/188x130.png/dddddd/000000"},
{"id":92,"first_name":"Tab","last_name":"Gimenez","email":"tgimenez2j@flickr.com","gender":"Male","count":316,"avatar":"http://dummyimage.com/188x140.png/cc0000/ffffff"},
{"id":93,"first_name":"Cy","last_name":"Tabord","email":"ctabord2k@upenn.edu","gender":"Male","count":344,"avatar":"http://dummyimage.com/137x247.png/5fa2dd/ffffff"},
{"id":94,"first_name":"Burke","last_name":"Hasel","email":"bhasel2l@scribd.com","gender":"Male","count":709,"avatar":"http://dummyimage.com/137x114.png/cc0000/ffffff"},
{"id":95,"first_name":"Carmine","last_name":"Kenwood","email":"ckenwood2m@yellowbook.com","gender":"Female","count":857,"avatar":"http://dummyimage.com/206x160.png/cc0000/ffffff"},
{"id":96,"first_name":"Dido","last_name":"Gantz","email":"dgantz2n@gizmodo.com","gender":"Female","count":468,"avatar":"http://dummyimage.com/110x188.png/ff4444/ffffff"},
{"id":97,"first_name":"Hilton","last_name":"Charlin","email":"hcharlin2o@blogs.com","gender":"Male","count":612,"avatar":"http://dummyimage.com/110x120.png/dddddd/000000"},
{"id":98,"first_name":"Rudie","last_name":"Gajewski","email":"rgajewski2p@mlb.com","gender":"Male","count":90,"avatar":"http://dummyimage.com/210x135.png/5fa2dd/ffffff"},
{"id":99,"first_name":"Elvin","last_name":"Shercliff","email":"eshercliff2q@uiuc.edu","gender":"Male","count":305,"avatar":"http://dummyimage.com/141x146.png/cc0000/ffffff"},
{"id":100,"first_name":"Mellisent","last_name":"Hendrix","email":"mhendrix2r@rambler.ru","gender":"Female","count":190,"avatar":"http://dummyimage.com/161x117.png/5fa2dd/ffffff"},
{"id":101,"first_name":"Skipp","last_name":"Carlesi","email":"scarlesi2s@cmu.edu","gender":"Male","count":85,"avatar":"http://dummyimage.com/141x152.png/dddddd/000000"},
{"id":102,"first_name":"Breena","last_name":"McKeady","email":"bmckeady2t@zimbio.com","gender":"Female","count":986,"avatar":"http://dummyimage.com/154x177.png/dddddd/000000"},
{"id":103,"first_name":"Duffie","last_name":"Acomb","email":"dacomb2u@kickstarter.com","gender":"Male","count":135,"avatar":"http://dummyimage.com/127x193.png/5fa2dd/ffffff"},
{"id":104,"first_name":"Leonidas","last_name":"Shipston","email":"lshipston2v@chronoengine.com","gender":"Male","count":204,"avatar":"http://dummyimage.com/122x205.png/ff4444/ffffff"},
{"id":105,"first_name":"Janenna","last_name":"Bonicelli","email":"jbonicelli2w@cmu.edu","gender":"Female","count":53,"avatar":"http://dummyimage.com/227x237.png/cc0000/ffffff"},
{"id":106,"first_name":"Kerrill","last_name":"Parkhouse","email":"kparkhouse2x@harvard.edu","gender":"Female","count":609,"avatar":"http://dummyimage.com/207x143.png/5fa2dd/ffffff"},
{"id":107,"first_name":"Carlin","last_name":"McGiveen","email":"cmcgiveen2y@w3.org","gender":"Female","count":857,"avatar":"http://dummyimage.com/125x198.png/5fa2dd/ffffff"},
{"id":108,"first_name":"Parke","last_name":"Hebblewhite","email":"phebblewhite2z@apache.org","gender":"Male","count":352,"avatar":"http://dummyimage.com/201x174.png/ff4444/ffffff"},
{"id":109,"first_name":"Noam","last_name":"Copnar","email":"ncopnar30@artisteer.com","gender":"Male","count":360,"avatar":"http://dummyimage.com/156x238.png/ff4444/ffffff"},
{"id":110,"first_name":"Jeanette","last_name":"Loftie","email":"jloftie31@ovh.net","gender":"Female","count":413,"avatar":"http://dummyimage.com/219x244.png/5fa2dd/ffffff"},
{"id":111,"first_name":"Norris","last_name":"Beckey","email":"nbeckey32@google.com.au","gender":"Male","count":111,"avatar":"http://dummyimage.com/219x194.png/ff4444/ffffff"},
{"id":112,"first_name":"Myriam","last_name":"Fawson","email":"mfawson33@issuu.com","gender":"Female","count":415,"avatar":"http://dummyimage.com/229x114.png/cc0000/ffffff"},
{"id":113,"first_name":"Ephrayim","last_name":"Binns","email":"ebinns34@taobao.com","gender":"Male","count":911,"avatar":"http://dummyimage.com/125x169.png/dddddd/000000"},
{"id":114,"first_name":"Roxana","last_name":"Balderstone","email":"rbalderstone35@slate.com","gender":"Female","count":925,"avatar":"http://dummyimage.com/144x220.png/dddddd/000000"},
{"id":115,"first_name":"Hedy","last_name":"Quigg","email":"hquigg36@joomla.org","gender":"Female","count":497,"avatar":"http://dummyimage.com/240x220.png/cc0000/ffffff"},
{"id":116,"first_name":"Niven","last_name":"McQuillin","email":"nmcquillin37@ameblo.jp","gender":"Male","count":70,"avatar":"http://dummyimage.com/169x184.png/ff4444/ffffff"},
{"id":117,"first_name":"Isidor","last_name":"Allicock","email":"iallicock38@nasa.gov","gender":"Male","count":954,"avatar":"http://dummyimage.com/109x176.png/cc0000/ffffff"},
{"id":118,"first_name":"Jasen","last_name":"Desforges","email":"jdesforges39@webs.com","gender":"Male","count":718,"avatar":"http://dummyimage.com/117x204.png/cc0000/ffffff"},
{"id":119,"first_name":"Auria","last_name":"Lamartine","email":"alamartine3a@washington.edu","gender":"Female","count":713,"avatar":"http://dummyimage.com/202x245.png/ff4444/ffffff"},
{"id":120,"first_name":"Lee","last_name":"Floodgate","email":"lfloodgate3b@joomla.org","gender":"Male","count":681,"avatar":"http://dummyimage.com/226x146.png/ff4444/ffffff"},
{"id":121,"first_name":"Teena","last_name":"Gretton","email":"tgretton3c@shareasale.com","gender":"Female","count":695,"avatar":"http://dummyimage.com/225x150.png/dddddd/000000"},
{"id":122,"first_name":"Sybille","last_name":"Dowears","email":"sdowears3d@virginia.edu","gender":"Female","count":82,"avatar":"http://dummyimage.com/247x231.png/cc0000/ffffff"},
{"id":123,"first_name":"Murielle","last_name":"Rossin","email":"mrossin3e@discovery.com","gender":"Female","count":738,"avatar":"http://dummyimage.com/218x116.png/cc0000/ffffff"},
{"id":124,"first_name":"Hill","last_name":"Considine","email":"hconsidine3f@de.vu","gender":"Male","count":971,"avatar":"http://dummyimage.com/250x128.png/dddddd/000000"},
{"id":125,"first_name":"Herve","last_name":"Kettles","email":"hkettles3g@loc.gov","gender":"Male","count":779,"avatar":"http://dummyimage.com/209x124.png/5fa2dd/ffffff"},
{"id":126,"first_name":"Naoma","last_name":"Tolwood","email":"ntolwood3h@ft.com","gender":"Female","count":617,"avatar":"http://dummyimage.com/151x138.png/ff4444/ffffff"},
{"id":127,"first_name":"Keenan","last_name":"Akerman","email":"kakerman3i@nba.com","gender":"Male","count":245,"avatar":"http://dummyimage.com/203x168.png/dddddd/000000"},
{"id":128,"first_name":"Beniamino","last_name":"Maynell","email":"bmaynell3j@icio.us","gender":"Male","count":15,"avatar":"http://dummyimage.com/101x231.png/cc0000/ffffff"},
{"id":129,"first_name":"Nathalie","last_name":"Turk","email":"nturk3k@alibaba.com","gender":"Female","count":655,"avatar":"http://dummyimage.com/147x182.png/ff4444/ffffff"},
{"id":130,"first_name":"Veronica","last_name":"Gerardi","email":"vgerardi3l@elpais.com","gender":"Female","count":636,"avatar":"http://dummyimage.com/194x116.png/cc0000/ffffff"},
{"id":131,"first_name":"Avril","last_name":"Bagwell","email":"abagwell3m@cyberchimps.com","gender":"Female","count":126,"avatar":"http://dummyimage.com/165x125.png/cc0000/ffffff"},
{"id":132,"first_name":"Nichols","last_name":"Kennham","email":"nkennham3n@yellowbook.com","gender":"Male","count":318,"avatar":"http://dummyimage.com/242x243.png/cc0000/ffffff"},
{"id":133,"first_name":"Maren","last_name":"Melesk","email":"mmelesk3o@ebay.com","gender":"Female","count":224,"avatar":"http://dummyimage.com/248x161.png/ff4444/ffffff"},
{"id":134,"first_name":"Porty","last_name":"Ferry","email":"pferry3p@home.pl","gender":"Male","count":692,"avatar":"http://dummyimage.com/151x243.png/dddddd/000000"},
{"id":135,"first_name":"Armstrong","last_name":"De Andisie","email":"adeandisie3q@house.gov","gender":"Male","count":491,"avatar":"http://dummyimage.com/176x160.png/dddddd/000000"},
{"id":136,"first_name":"Damon","last_name":"Spicer","email":"dspicer3r@ycombinator.com","gender":"Male","count":513,"avatar":"http://dummyimage.com/157x121.png/5fa2dd/ffffff"},
{"id":137,"first_name":"Sherwynd","last_name":"Stopp","email":"sstopp3s@ed.gov","gender":"Male","count":210,"avatar":"http://dummyimage.com/178x132.png/cc0000/ffffff"},
{"id":138,"first_name":"Domeniga","last_name":"Upham","email":"dupham3t@csmonitor.com","gender":"Female","count":77,"avatar":"http://dummyimage.com/167x228.png/5fa2dd/ffffff"},
{"id":139,"first_name":"Isaiah","last_name":"Blaszkiewicz","email":"iblaszkiewicz3u@vkontakte.ru","gender":"Male","count":130,"avatar":"http://dummyimage.com/225x186.png/cc0000/ffffff"},
{"id":140,"first_name":"Bartholomew","last_name":"Faudrie","email":"bfaudrie3v@sphinn.com","gender":"Male","count":735,"avatar":"http://dummyimage.com/152x105.png/cc0000/ffffff"},
{"id":141,"first_name":"Orin","last_name":"Bromet","email":"obromet3w@time.com","gender":"Male","count":12,"avatar":"http://dummyimage.com/224x122.png/5fa2dd/ffffff"},
{"id":142,"first_name":"Jedediah","last_name":"Umbers","email":"jumbers3x@whitehouse.gov","gender":"Male","count":994,"avatar":"http://dummyimage.com/216x125.png/cc0000/ffffff"},
{"id":143,"first_name":"Miner","last_name":"Mealham","email":"mmealham3y@stanford.edu","gender":"Male","count":116,"avatar":"http://dummyimage.com/150x111.png/cc0000/ffffff"},
{"id":144,"first_name":"Amelina","last_name":"Joiris","email":"ajoiris3z@soup.io","gender":"Female","count":810,"avatar":"http://dummyimage.com/158x224.png/5fa2dd/ffffff"},
{"id":145,"first_name":"Rod","last_name":"Ricold","email":"rricold40@seattletimes.com","gender":"Male","count":411,"avatar":"http://dummyimage.com/111x226.png/dddddd/000000"},
{"id":146,"first_name":"Rollo","last_name":"Szymonowicz","email":"rszymonowicz41@who.int","gender":"Male","count":820,"avatar":"http://dummyimage.com/205x176.png/cc0000/ffffff"},
{"id":147,"first_name":"Abey","last_name":"Munslow","email":"amunslow42@e-recht24.de","gender":"Male","count":266,"avatar":"http://dummyimage.com/197x239.png/5fa2dd/ffffff"},
{"id":148,"first_name":"Leicester","last_name":"Antonijevic","email":"lantonijevic43@wunderground.com","gender":"Male","count":878,"avatar":"http://dummyimage.com/150x177.png/dddddd/000000"},
{"id":149,"first_name":"Ninette","last_name":"Wilkisson","email":"nwilkisson44@utexas.edu","gender":"Female","count":125,"avatar":"http://dummyimage.com/119x205.png/ff4444/ffffff"},
{"id":150,"first_name":"Doris","last_name":"Murdoch","email":"dmurdoch45@oaic.gov.au","gender":"Female","count":882,"avatar":"http://dummyimage.com/217x126.png/dddddd/000000"},
{"id":151,"first_name":"Alexandros","last_name":"Dodell","email":"adodell46@hibu.com","gender":"Male","count":461,"avatar":"http://dummyimage.com/145x239.png/dddddd/000000"},
{"id":152,"first_name":"Lian","last_name":"Laurence","email":"llaurence47@ehow.com","gender":"Female","count":561,"avatar":"http://dummyimage.com/115x170.png/5fa2dd/ffffff"},
{"id":153,"first_name":"Jocko","last_name":"Dorrian","email":"jdorrian48@joomla.org","gender":"Male","count":636,"avatar":"http://dummyimage.com/243x202.png/ff4444/ffffff"},
{"id":154,"first_name":"Kessiah","last_name":"Berisford","email":"kberisford49@goo.gl","gender":"Female","count":684,"avatar":"http://dummyimage.com/186x183.png/5fa2dd/ffffff"},
{"id":155,"first_name":"Gordie","last_name":"De Caroli","email":"gdecaroli4a@desdev.cn","gender":"Male","count":570,"avatar":"http://dummyimage.com/186x237.png/dddddd/000000"},
{"id":156,"first_name":"Meaghan","last_name":"Penning","email":"mpenning4b@yellowbook.com","gender":"Female","count":569,"avatar":"http://dummyimage.com/128x219.png/dddddd/000000"},
{"id":157,"first_name":"Leslie","last_name":"Bridell","email":"lbridell4c@wordpress.com","gender":"Male","count":27,"avatar":"http://dummyimage.com/152x220.png/dddddd/000000"},
{"id":158,"first_name":"Nariko","last_name":"Gookes","email":"ngookes4d@apple.com","gender":"Female","count":228,"avatar":"http://dummyimage.com/188x151.png/ff4444/ffffff"},
{"id":159,"first_name":"Caldwell","last_name":"Gingell","email":"cgingell4e@twitter.com","gender":"Male","count":825,"avatar":"http://dummyimage.com/197x164.png/ff4444/ffffff"},
{"id":160,"first_name":"Brent","last_name":"McGinney","email":"bmcginney4f@e-recht24.de","gender":"Male","count":766,"avatar":"http://dummyimage.com/119x154.png/ff4444/ffffff"},
{"id":161,"first_name":"Michel","last_name":"Rofe","email":"mrofe4g@github.io","gender":"Male","count":233,"avatar":"http://dummyimage.com/187x143.png/dddddd/000000"},
{"id":162,"first_name":"Wainwright","last_name":"Winnett","email":"wwinnett4h@imdb.com","gender":"Male","count":867,"avatar":"http://dummyimage.com/119x133.png/dddddd/000000"},
{"id":163,"first_name":"Erskine","last_name":"Tuohy","email":"etuohy4i@ow.ly","gender":"Male","count":540,"avatar":"http://dummyimage.com/101x178.png/5fa2dd/ffffff"},
{"id":164,"first_name":"Tyler","last_name":"Vispo","email":"tvispo4j@rakuten.co.jp","gender":"Male","count":176,"avatar":"http://dummyimage.com/116x177.png/cc0000/ffffff"},
{"id":165,"first_name":"Cordelie","last_name":"Ansett","email":"cansett4k@wunderground.com","gender":"Female","count":694,"avatar":"http://dummyimage.com/104x211.png/ff4444/ffffff"},
{"id":166,"first_name":"Gare","last_name":"Caldicot","email":"gcaldicot4l@amazon.com","gender":"Male","count":557,"avatar":"http://dummyimage.com/233x119.png/dddddd/000000"},
{"id":167,"first_name":"Thorndike","last_name":"Dumphry","email":"tdumphry4m@mashable.com","gender":"Male","count":489,"avatar":"http://dummyimage.com/183x176.png/cc0000/ffffff"},
{"id":168,"first_name":"Hobey","last_name":"Jonk","email":"hjonk4n@themeforest.net","gender":"Male","count":471,"avatar":"http://dummyimage.com/123x119.png/5fa2dd/ffffff"},
{"id":169,"first_name":"Patrizio","last_name":"Clementet","email":"pclementet4o@weather.com","gender":"Male","count":226,"avatar":"http://dummyimage.com/226x235.png/dddddd/000000"},
{"id":170,"first_name":"Annamarie","last_name":"Roebottom","email":"aroebottom4p@businessweek.com","gender":"Female","count":80,"avatar":"http://dummyimage.com/227x220.png/dddddd/000000"},
{"id":171,"first_name":"Wat","last_name":"Orriss","email":"worriss4q@opera.com","gender":"Male","count":675,"avatar":"http://dummyimage.com/186x112.png/dddddd/000000"},
{"id":172,"first_name":"Guglielmo","last_name":"Weale","email":"gweale4r@newyorker.com","gender":"Male","count":599,"avatar":"http://dummyimage.com/110x116.png/5fa2dd/ffffff"},
{"id":173,"first_name":"Bonni","last_name":"McWard","email":"bmcward4s@jimdo.com","gender":"Female","count":499,"avatar":"http://dummyimage.com/225x250.png/5fa2dd/ffffff"},
{"id":174,"first_name":"Genia","last_name":"Tinton","email":"gtinton4t@zimbio.com","gender":"Female","count":34,"avatar":"http://dummyimage.com/108x102.png/5fa2dd/ffffff"},
{"id":175,"first_name":"Dido","last_name":"Gadie","email":"dgadie4u@psu.edu","gender":"Female","count":361,"avatar":"http://dummyimage.com/225x246.png/dddddd/000000"},
{"id":176,"first_name":"Franciskus","last_name":"Bront","email":"fbront4v@artisteer.com","gender":"Male","count":227,"avatar":"http://dummyimage.com/128x155.png/cc0000/ffffff"},
{"id":177,"first_name":"Bebe","last_name":"Simmons","email":"bsimmons4w@wikia.com","gender":"Female","count":374,"avatar":"http://dummyimage.com/165x218.png/dddddd/000000"},
{"id":178,"first_name":"Romonda","last_name":"De Wolfe","email":"rdewolfe4x@va.gov","gender":"Female","count":548,"avatar":"http://dummyimage.com/132x248.png/cc0000/ffffff"},
{"id":179,"first_name":"Gilbert","last_name":"Questier","email":"gquestier4y@networksolutions.com","gender":"Male","count":518,"avatar":"http://dummyimage.com/185x141.png/5fa2dd/ffffff"},
{"id":180,"first_name":"Anthea","last_name":"Kesten","email":"akesten4z@theglobeandmail.com","gender":"Female","count":345,"avatar":"http://dummyimage.com/143x149.png/ff4444/ffffff"},
{"id":181,"first_name":"Tanner","last_name":"Ilchuk","email":"tilchuk50@cnn.com","gender":"Male","count":253,"avatar":"http://dummyimage.com/130x139.png/5fa2dd/ffffff"},
{"id":182,"first_name":"Hayward","last_name":"Kebbell","email":"hkebbell51@harvard.edu","gender":"Male","count":647,"avatar":"http://dummyimage.com/193x194.png/dddddd/000000"},
{"id":183,"first_name":"Alis","last_name":"Ariss","email":"aariss52@google.com","gender":"Female","count":615,"avatar":"http://dummyimage.com/224x224.png/cc0000/ffffff"},
{"id":184,"first_name":"Mick","last_name":"Ondricek","email":"mondricek53@mayoclinic.com","gender":"Male","count":364,"avatar":"http://dummyimage.com/104x157.png/ff4444/ffffff"},
{"id":185,"first_name":"Torrey","last_name":"Farn","email":"tfarn54@topsy.com","gender":"Male","count":606,"avatar":"http://dummyimage.com/145x177.png/5fa2dd/ffffff"},
{"id":186,"first_name":"Merola","last_name":"Goldson","email":"mgoldson55@chron.com","gender":"Female","count":583,"avatar":"http://dummyimage.com/101x243.png/5fa2dd/ffffff"},
{"id":187,"first_name":"Arly","last_name":"Vampouille","email":"avampouille56@ucoz.ru","gender":"Female","count":35,"avatar":"http://dummyimage.com/238x246.png/dddddd/000000"},
{"id":188,"first_name":"Ninon","last_name":"Gerardi","email":"ngerardi57@wikimedia.org","gender":"Female","count":609,"avatar":"http://dummyimage.com/150x122.png/cc0000/ffffff"},
{"id":189,"first_name":"Evangelina","last_name":"Curthoys","email":"ecurthoys58@blogs.com","gender":"Female","count":24,"avatar":"http://dummyimage.com/243x128.png/cc0000/ffffff"},
{"id":190,"first_name":"Terrell","last_name":"Pinniger","email":"tpinniger59@zdnet.com","gender":"Male","count":993,"avatar":"http://dummyimage.com/128x199.png/ff4444/ffffff"},
{"id":191,"first_name":"Barbara","last_name":"Willder","email":"bwillder5a@g.co","gender":"Female","count":933,"avatar":"http://dummyimage.com/101x129.png/ff4444/ffffff"},
{"id":192,"first_name":"Michele","last_name":"Pettingill","email":"mpettingill5b@amazonaws.com","gender":"Female","count":650,"avatar":"http://dummyimage.com/227x220.png/ff4444/ffffff"},
{"id":193,"first_name":"Conant","last_name":"Washtell","email":"cwashtell5c@wikispaces.com","gender":"Male","count":828,"avatar":"http://dummyimage.com/138x151.png/5fa2dd/ffffff"},
{"id":194,"first_name":"Pattie","last_name":"Seeger","email":"pseeger5d@soundcloud.com","gender":"Female","count":771,"avatar":"http://dummyimage.com/156x207.png/ff4444/ffffff"},
{"id":195,"first_name":"Cull","last_name":"Moon","email":"cmoon5e@gov.uk","gender":"Male","count":355,"avatar":"http://dummyimage.com/130x216.png/ff4444/ffffff"},
{"id":196,"first_name":"Corrinne","last_name":"Temple","email":"ctemple5f@liveinternet.ru","gender":"Female","count":826,"avatar":"http://dummyimage.com/143x181.png/cc0000/ffffff"},
{"id":197,"first_name":"Walton","last_name":"Warin","email":"wwarin5g@nba.com","gender":"Male","count":440,"avatar":"http://dummyimage.com/178x210.png/5fa2dd/ffffff"},
{"id":198,"first_name":"Burnaby","last_name":"Antonopoulos","email":"bantonopoulos5h@theatlantic.com","gender":"Male","count":645,"avatar":"http://dummyimage.com/229x192.png/5fa2dd/ffffff"},
{"id":199,"first_name":"Bevan","last_name":"Klezmski","email":"bklezmski5i@blogs.com","gender":"Male","count":532,"avatar":"http://dummyimage.com/165x120.png/cc0000/ffffff"},
{"id":200,"first_name":"Matteo","last_name":"Lantaff","email":"mlantaff5j@mit.edu","gender":"Male","count":84,"avatar":"http://dummyimage.com/183x205.png/cc0000/ffffff"},
{"id":201,"first_name":"Drucill","last_name":"Eggers","email":"deggers5k@amazon.co.jp","gender":"Female","count":17,"avatar":"http://dummyimage.com/162x213.png/ff4444/ffffff"},
{"id":202,"first_name":"Uriah","last_name":"Clearley","email":"uclearley5l@nature.com","gender":"Male","count":981,"avatar":"http://dummyimage.com/179x220.png/dddddd/000000"},
{"id":203,"first_name":"Morgan","last_name":"Widdowson","email":"mwiddowson5m@cnet.com","gender":"Male","count":528,"avatar":"http://dummyimage.com/240x226.png/dddddd/000000"},
{"id":204,"first_name":"Gibbie","last_name":"Lepard","email":"glepard5n@gnu.org","gender":"Male","count":62,"avatar":"http://dummyimage.com/226x169.png/dddddd/000000"},
{"id":205,"first_name":"Danell","last_name":"Godart","email":"dgodart5o@amazonaws.com","gender":"Female","count":645,"avatar":"http://dummyimage.com/124x170.png/ff4444/ffffff"},
{"id":206,"first_name":"Amandi","last_name":"Tousey","email":"atousey5p@narod.ru","gender":"Female","count":889,"avatar":"http://dummyimage.com/129x228.png/cc0000/ffffff"},
{"id":207,"first_name":"Quent","last_name":"Reany","email":"qreany5q@wiley.com","gender":"Male","count":403,"avatar":"http://dummyimage.com/187x238.png/5fa2dd/ffffff"},
{"id":208,"first_name":"Lorrie","last_name":"Nelsen","email":"lnelsen5r@tripadvisor.com","gender":"Male","count":815,"avatar":"http://dummyimage.com/135x228.png/ff4444/ffffff"},
{"id":209,"first_name":"Woodman","last_name":"Cheltnam","email":"wcheltnam5s@umn.edu","gender":"Male","count":643,"avatar":"http://dummyimage.com/218x148.png/ff4444/ffffff"},
{"id":210,"first_name":"D'arcy","last_name":"Knapp","email":"dknapp5t@tinypic.com","gender":"Male","count":595,"avatar":"http://dummyimage.com/182x199.png/ff4444/ffffff"},
{"id":211,"first_name":"Duky","last_name":"Mar","email":"dmar5u@narod.ru","gender":"Male","count":595,"avatar":"http://dummyimage.com/144x218.png/cc0000/ffffff"},
{"id":212,"first_name":"Lind","last_name":"O'Clery","email":"loclery5v@ihg.com","gender":"Male","count":556,"avatar":"http://dummyimage.com/207x199.png/dddddd/000000"},
{"id":213,"first_name":"Gregoor","last_name":"Oakshott","email":"goakshott5w@shop-pro.jp","gender":"Male","count":889,"avatar":"http://dummyimage.com/211x133.png/cc0000/ffffff"},
{"id":214,"first_name":"Vyky","last_name":"Corwin","email":"vcorwin5x@gizmodo.com","gender":"Female","count":227,"avatar":"http://dummyimage.com/141x249.png/ff4444/ffffff"},
{"id":215,"first_name":"Alexis","last_name":"Noblett","email":"anoblett5y@last.fm","gender":"Female","count":849,"avatar":"http://dummyimage.com/101x232.png/ff4444/ffffff"},
{"id":216,"first_name":"Heloise","last_name":"Kemson","email":"hkemson5z@apple.com","gender":"Female","count":410,"avatar":"http://dummyimage.com/218x102.png/5fa2dd/ffffff"},
{"id":217,"first_name":"Nestor","last_name":"Hows","email":"nhows60@uiuc.edu","gender":"Male","count":446,"avatar":"http://dummyimage.com/104x160.png/ff4444/ffffff"},
{"id":218,"first_name":"Emogene","last_name":"Leys","email":"eleys61@canalblog.com","gender":"Female","count":984,"avatar":"http://dummyimage.com/102x208.png/ff4444/ffffff"},
{"id":219,"first_name":"Issiah","last_name":"Battabee","email":"ibattabee62@irs.gov","gender":"Male","count":194,"avatar":"http://dummyimage.com/232x102.png/5fa2dd/ffffff"},
{"id":220,"first_name":"Minerva","last_name":"Empleton","email":"mempleton63@ucsd.edu","gender":"Female","count":348,"avatar":"http://dummyimage.com/132x111.png/ff4444/ffffff"},
{"id":221,"first_name":"Ximenes","last_name":"Gryglewski","email":"xgryglewski64@gmpg.org","gender":"Male","count":470,"avatar":"http://dummyimage.com/105x176.png/dddddd/000000"},
{"id":222,"first_name":"Kara","last_name":"Hoggins","email":"khoggins65@vinaora.com","gender":"Female","count":719,"avatar":"http://dummyimage.com/193x126.png/ff4444/ffffff"},
{"id":223,"first_name":"Jenni","last_name":"Dubble","email":"jdubble66@homestead.com","gender":"Female","count":542,"avatar":"http://dummyimage.com/145x249.png/5fa2dd/ffffff"},
{"id":224,"first_name":"Kendra","last_name":"Pettersen","email":"kpettersen67@ning.com","gender":"Female","count":626,"avatar":"http://dummyimage.com/185x143.png/dddddd/000000"},
{"id":225,"first_name":"Dorette","last_name":"Flips","email":"dflips68@vinaora.com","gender":"Female","count":526,"avatar":"http://dummyimage.com/125x112.png/cc0000/ffffff"},
{"id":226,"first_name":"Sebastiano","last_name":"Hayton","email":"shayton69@va.gov","gender":"Male","count":875,"avatar":"http://dummyimage.com/174x246.png/ff4444/ffffff"},
{"id":227,"first_name":"Timotheus","last_name":"Letty","email":"tletty6a@symantec.com","gender":"Male","count":268,"avatar":"http://dummyimage.com/210x216.png/dddddd/000000"},
{"id":228,"first_name":"Renard","last_name":"Stennes","email":"rstennes6b@zdnet.com","gender":"Male","count":511,"avatar":"http://dummyimage.com/226x203.png/ff4444/ffffff"},
{"id":229,"first_name":"Fionna","last_name":"Arthy","email":"farthy6c@vk.com","gender":"Female","count":48,"avatar":"http://dummyimage.com/201x140.png/5fa2dd/ffffff"},
{"id":230,"first_name":"Uri","last_name":"Casaletto","email":"ucasaletto6d@nih.gov","gender":"Male","count":967,"avatar":"http://dummyimage.com/146x171.png/ff4444/ffffff"},
{"id":231,"first_name":"Alida","last_name":"Parcell","email":"aparcell6e@usda.gov","gender":"Female","count":6,"avatar":"http://dummyimage.com/235x238.png/cc0000/ffffff"},
{"id":232,"first_name":"Susanetta","last_name":"Pedican","email":"spedican6f@army.mil","gender":"Female","count":482,"avatar":"http://dummyimage.com/141x136.png/5fa2dd/ffffff"},
{"id":233,"first_name":"Allyce","last_name":"Brassill","email":"abrassill6g@buzzfeed.com","gender":"Female","count":601,"avatar":"http://dummyimage.com/221x205.png/dddddd/000000"},
{"id":234,"first_name":"Griff","last_name":"Sangra","email":"gsangra6h@homestead.com","gender":"Male","count":249,"avatar":"http://dummyimage.com/169x148.png/dddddd/000000"},
{"id":235,"first_name":"Geoff","last_name":"Jeffress","email":"gjeffress6i@boston.com","gender":"Male","count":503,"avatar":"http://dummyimage.com/249x246.png/dddddd/000000"},
{"id":236,"first_name":"Woodman","last_name":"Elsby","email":"welsby6j@nhs.uk","gender":"Male","count":690,"avatar":"http://dummyimage.com/205x103.png/cc0000/ffffff"},
{"id":237,"first_name":"Auberta","last_name":"Vanyushkin","email":"avanyushkin6k@slate.com","gender":"Female","count":816,"avatar":"http://dummyimage.com/143x153.png/cc0000/ffffff"},
{"id":238,"first_name":"Benjy","last_name":"Chattaway","email":"bchattaway6l@cpanel.net","gender":"Male","count":284,"avatar":"http://dummyimage.com/130x113.png/ff4444/ffffff"},
{"id":239,"first_name":"Janek","last_name":"Smalridge","email":"jsmalridge6m@cbsnews.com","gender":"Male","count":997,"avatar":"http://dummyimage.com/122x240.png/cc0000/ffffff"},
{"id":240,"first_name":"Engelbert","last_name":"Huddlestone","email":"ehuddlestone6n@seesaa.net","gender":"Male","count":158,"avatar":"http://dummyimage.com/149x108.png/cc0000/ffffff"},
{"id":241,"first_name":"Hermia","last_name":"Cosstick","email":"hcosstick6o@topsy.com","gender":"Female","count":608,"avatar":"http://dummyimage.com/198x246.png/dddddd/000000"},
{"id":242,"first_name":"Abramo","last_name":"Mesias","email":"amesias6p@fotki.com","gender":"Male","count":651,"avatar":"http://dummyimage.com/117x226.png/dddddd/000000"},
{"id":243,"first_name":"Janey","last_name":"Pobjoy","email":"jpobjoy6q@histats.com","gender":"Female","count":728,"avatar":"http://dummyimage.com/197x184.png/5fa2dd/ffffff"},
{"id":244,"first_name":"Ailis","last_name":"McRae","email":"amcrae6r@de.vu","gender":"Female","count":295,"avatar":"http://dummyimage.com/194x210.png/cc0000/ffffff"},
{"id":245,"first_name":"Joscelin","last_name":"Mahoney","email":"jmahoney6s@army.mil","gender":"Female","count":280,"avatar":"http://dummyimage.com/163x144.png/cc0000/ffffff"},
{"id":246,"first_name":"Keefer","last_name":"Swyne","email":"kswyne6t@list-manage.com","gender":"Male","count":490,"avatar":"http://dummyimage.com/163x209.png/5fa2dd/ffffff"},
{"id":247,"first_name":"Jervis","last_name":"Lodden","email":"jlodden6u@princeton.edu","gender":"Male","count":954,"avatar":"http://dummyimage.com/107x195.png/5fa2dd/ffffff"},
{"id":248,"first_name":"Dougie","last_name":"Pawfoot","email":"dpawfoot6v@cisco.com","gender":"Male","count":6,"avatar":"http://dummyimage.com/200x232.png/5fa2dd/ffffff"},
{"id":249,"first_name":"Steven","last_name":"Belvard","email":"sbelvard6w@accuweather.com","gender":"Male","count":923,"avatar":"http://dummyimage.com/119x209.png/5fa2dd/ffffff"},
{"id":250,"first_name":"Alanson","last_name":"Garrattley","email":"agarrattley6x@examiner.com","gender":"Male","count":561,"avatar":"http://dummyimage.com/166x144.png/5fa2dd/ffffff"},
{"id":251,"first_name":"Siouxie","last_name":"Wardhaw","email":"swardhaw6y@g.co","gender":"Female","count":177,"avatar":"http://dummyimage.com/242x157.png/cc0000/ffffff"},
{"id":252,"first_name":"Celesta","last_name":"Bushe","email":"cbushe6z@yolasite.com","gender":"Female","count":252,"avatar":"http://dummyimage.com/186x108.png/5fa2dd/ffffff"},
{"id":253,"first_name":"Maridel","last_name":"Shakesby","email":"mshakesby70@weebly.com","gender":"Female","count":398,"avatar":"http://dummyimage.com/111x174.png/dddddd/000000"},
{"id":254,"first_name":"Darwin","last_name":"Najara","email":"dnajara71@wp.com","gender":"Male","count":636,"avatar":"http://dummyimage.com/219x235.png/ff4444/ffffff"},
{"id":255,"first_name":"Shoshana","last_name":"Kachel","email":"skachel72@harvard.edu","gender":"Female","count":34,"avatar":"http://dummyimage.com/169x136.png/5fa2dd/ffffff"},
{"id":256,"first_name":"Lemar","last_name":"Swannack","email":"lswannack73@a8.net","gender":"Male","count":621,"avatar":"http://dummyimage.com/177x238.png/dddddd/000000"},
{"id":257,"first_name":"Bonita","last_name":"Piwell","email":"bpiwell74@t-online.de","gender":"Female","count":77,"avatar":"http://dummyimage.com/118x198.png/5fa2dd/ffffff"},
{"id":258,"first_name":"Huberto","last_name":"Watchorn","email":"hwatchorn75@sbwire.com","gender":"Male","count":314,"avatar":"http://dummyimage.com/215x175.png/ff4444/ffffff"},
{"id":259,"first_name":"Brander","last_name":"Gresswood","email":"bgresswood76@guardian.co.uk","gender":"Male","count":750,"avatar":"http://dummyimage.com/205x215.png/5fa2dd/ffffff"},
{"id":260,"first_name":"Dallas","last_name":"Abbs","email":"dabbs77@msn.com","gender":"Male","count":116,"avatar":"http://dummyimage.com/162x240.png/5fa2dd/ffffff"},
{"id":261,"first_name":"Opaline","last_name":"Deeble","email":"odeeble78@nhs.uk","gender":"Female","count":551,"avatar":"http://dummyimage.com/238x230.png/ff4444/ffffff"},
{"id":262,"first_name":"Georgy","last_name":"Swales","email":"gswales79@wix.com","gender":"Male","count":498,"avatar":"http://dummyimage.com/167x225.png/dddddd/000000"},
{"id":263,"first_name":"Brade","last_name":"Ikins","email":"bikins7a@google.co.uk","gender":"Male","count":137,"avatar":"http://dummyimage.com/193x135.png/ff4444/ffffff"},
{"id":264,"first_name":"Angeli","last_name":"Seldner","email":"aseldner7b@quantcast.com","gender":"Male","count":675,"avatar":"http://dummyimage.com/202x179.png/ff4444/ffffff"},
{"id":265,"first_name":"Louis","last_name":"Bozier","email":"lbozier7c@unicef.org","gender":"Male","count":424,"avatar":"http://dummyimage.com/241x111.png/5fa2dd/ffffff"},
{"id":266,"first_name":"Wernher","last_name":"Narramore","email":"wnarramore7d@smugmug.com","gender":"Male","count":712,"avatar":"http://dummyimage.com/197x219.png/cc0000/ffffff"},
{"id":267,"first_name":"Earlie","last_name":"Meineck","email":"emeineck7e@diigo.com","gender":"Male","count":894,"avatar":"http://dummyimage.com/117x205.png/ff4444/ffffff"},
{"id":268,"first_name":"Florida","last_name":"Karim","email":"fkarim7f@sciencedaily.com","gender":"Female","count":204,"avatar":"http://dummyimage.com/186x240.png/cc0000/ffffff"},
{"id":269,"first_name":"Fee","last_name":"Manifould","email":"fmanifould7g@123-reg.co.uk","gender":"Male","count":371,"avatar":"http://dummyimage.com/129x139.png/dddddd/000000"},
{"id":270,"first_name":"Brnaba","last_name":"Wherrett","email":"bwherrett7h@nasa.gov","gender":"Male","count":907,"avatar":"http://dummyimage.com/106x241.png/ff4444/ffffff"},
{"id":271,"first_name":"Helaina","last_name":"Grave","email":"hgrave7i@cisco.com","gender":"Female","count":903,"avatar":"http://dummyimage.com/148x248.png/ff4444/ffffff"},
{"id":272,"first_name":"Georg","last_name":"Choupin","email":"gchoupin7j@baidu.com","gender":"Male","count":921,"avatar":"http://dummyimage.com/219x126.png/dddddd/000000"},
{"id":273,"first_name":"Deny","last_name":"Pickerill","email":"dpickerill7k@t.co","gender":"Female","count":823,"avatar":"http://dummyimage.com/120x160.png/dddddd/000000"},
{"id":274,"first_name":"Zorina","last_name":"Breagan","email":"zbreagan7l@1und1.de","gender":"Female","count":372,"avatar":"http://dummyimage.com/101x118.png/dddddd/000000"},
{"id":275,"first_name":"Wilden","last_name":"Chstney","email":"wchstney7m@discovery.com","gender":"Male","count":109,"avatar":"http://dummyimage.com/179x217.png/5fa2dd/ffffff"},
{"id":276,"first_name":"Aarika","last_name":"Rottger","email":"arottger7n@wp.com","gender":"Female","count":429,"avatar":"http://dummyimage.com/217x210.png/5fa2dd/ffffff"},
{"id":277,"first_name":"Giacopo","last_name":"Itzkin","email":"gitzkin7o@clickbank.net","gender":"Male","count":558,"avatar":"http://dummyimage.com/242x140.png/dddddd/000000"},
{"id":278,"first_name":"Nataniel","last_name":"Mateescu","email":"nmateescu7p@google.com.br","gender":"Male","count":15,"avatar":"http://dummyimage.com/136x160.png/ff4444/ffffff"},
{"id":279,"first_name":"Boyce","last_name":"Cluer","email":"bcluer7q@istockphoto.com","gender":"Male","count":506,"avatar":"http://dummyimage.com/238x136.png/ff4444/ffffff"},
{"id":280,"first_name":"Helyn","last_name":"Hukins","email":"hhukins7r@twitpic.com","gender":"Female","count":806,"avatar":"http://dummyimage.com/105x199.png/dddddd/000000"},
{"id":281,"first_name":"Melanie","last_name":"Grigsby","email":"mgrigsby7s@home.pl","gender":"Female","count":493,"avatar":"http://dummyimage.com/119x235.png/cc0000/ffffff"},
{"id":282,"first_name":"Bo","last_name":"Breeton","email":"bbreeton7t@baidu.com","gender":"Male","count":551,"avatar":"http://dummyimage.com/174x172.png/ff4444/ffffff"},
{"id":283,"first_name":"Sammy","last_name":"Agutter","email":"sagutter7u@moonfruit.com","gender":"Male","count":89,"avatar":"http://dummyimage.com/174x119.png/5fa2dd/ffffff"},
{"id":284,"first_name":"Susanna","last_name":"Brunsdon","email":"sbrunsdon7v@tiny.cc","gender":"Female","count":900,"avatar":"http://dummyimage.com/224x231.png/cc0000/ffffff"},
{"id":285,"first_name":"Baird","last_name":"Nyland","email":"bnyland7w@usa.gov","gender":"Male","count":743,"avatar":"http://dummyimage.com/147x185.png/5fa2dd/ffffff"},
{"id":286,"first_name":"Oliver","last_name":"Curlis","email":"ocurlis7x@csmonitor.com","gender":"Male","count":437,"avatar":"http://dummyimage.com/193x142.png/cc0000/ffffff"},
{"id":287,"first_name":"Glennis","last_name":"Curreen","email":"gcurreen7y@dyndns.org","gender":"Female","count":407,"avatar":"http://dummyimage.com/217x248.png/dddddd/000000"},
{"id":288,"first_name":"Roseanna","last_name":"Brevitt","email":"rbrevitt7z@ezinearticles.com","gender":"Female","count":756,"avatar":"http://dummyimage.com/116x209.png/ff4444/ffffff"},
{"id":289,"first_name":"Pedro","last_name":"Pretti","email":"ppretti80@intel.com","gender":"Male","count":493,"avatar":"http://dummyimage.com/185x158.png/ff4444/ffffff"},
{"id":290,"first_name":"Rosalinda","last_name":"Hepher","email":"rhepher81@last.fm","gender":"Female","count":588,"avatar":"http://dummyimage.com/174x181.png/cc0000/ffffff"},
{"id":291,"first_name":"Giusto","last_name":"MacKomb","email":"gmackomb82@vistaprint.com","gender":"Male","count":25,"avatar":"http://dummyimage.com/168x128.png/ff4444/ffffff"},
{"id":292,"first_name":"Kameko","last_name":"Torritti","email":"ktorritti83@bravesites.com","gender":"Female","count":264,"avatar":"http://dummyimage.com/197x215.png/5fa2dd/ffffff"},
{"id":293,"first_name":"Francesca","last_name":"Harbour","email":"fharbour84@plala.or.jp","gender":"Female","count":699,"avatar":"http://dummyimage.com/144x180.png/ff4444/ffffff"},
{"id":294,"first_name":"Court","last_name":"Connerry","email":"cconnerry85@fema.gov","gender":"Male","count":462,"avatar":"http://dummyimage.com/109x163.png/5fa2dd/ffffff"},
{"id":295,"first_name":"Nyssa","last_name":"Kellett","email":"nkellett86@drupal.org","gender":"Female","count":610,"avatar":"http://dummyimage.com/134x242.png/cc0000/ffffff"},
{"id":296,"first_name":"Dore","last_name":"Drillingcourt","email":"ddrillingcourt87@twitter.com","gender":"Male","count":757,"avatar":"http://dummyimage.com/211x172.png/dddddd/000000"},
{"id":297,"first_name":"Konstanze","last_name":"Quinn","email":"kquinn88@photobucket.com","gender":"Female","count":440,"avatar":"http://dummyimage.com/213x243.png/dddddd/000000"},
{"id":298,"first_name":"Angus","last_name":"Atty","email":"aatty89@dagondesign.com","gender":"Male","count":282,"avatar":"http://dummyimage.com/138x172.png/ff4444/ffffff"},
{"id":299,"first_name":"Astrix","last_name":"Woolcocks","email":"awoolcocks8a@home.pl","gender":"Female","count":430,"avatar":"http://dummyimage.com/182x164.png/cc0000/ffffff"},
{"id":300,"first_name":"Brodie","last_name":"Cansdill","email":"bcansdill8b@narod.ru","gender":"Male","count":233,"avatar":"http://dummyimage.com/196x166.png/5fa2dd/ffffff"}]